game_seconds_remaining,game_time,week,play_type_nfl,yards_gained,P_Name,P_ID,player_name,headshot_url
3600,0.0,1,RUSH,-1,J.Jacobs,00-0035700,Josh Jacobs,"https://static.www.nfl.com/image/upload/f_auto,q_auto/league/ksdusqxnwqtnph0htcfx"
3479,2.01666666666667,1,RUSH,4,J.Jacobs,00-0035700,Josh Jacobs,"https://static.www.nfl.com/image/upload/f_auto,q_auto/league/ksdusqxnwqtnph0htcfx"
3437,2.71666666666667,1,RUSH,0,J.Jacobs,00-0035700,Josh Jacobs,"https://static.www.nfl.com/image/upload/f_auto,q_auto/league/ksdusqxnwqtnph0htcfx"
3319,4.68333333333333,1,RUSH,0,J.Jacobs,00-0035700,Josh Jacobs,"https://static.www.nfl.com/image/upload/f_auto,q_auto/league/ksdusqxnwqtnph0htcfx"
3027,9.55,1,RUSH,-1,J.Jacobs,00-0035700,Josh Jacobs,"https://static.www.nfl.com/image/upload/f_auto,q_auto/league/ksdusqxnwqtnph0htcfx"
2984,10.2666666666667,1,RUSH,2,J.Jacobs,00-0035700,Josh Jacobs,"https://static.www.nfl.com/image/upload/f_auto,q_auto/league/ksdusqxnwqtnph0htcfx"
2553,17.45,1,RUSH,14,Em.Wilson,00-0038797,Emanuel Wilson,"https://static.www.nfl.com/image/upload/f_auto,q_auto/league/hpscbhsmjocm8kmwfbuc"
2517,18.05,1,RUSH,5,Em.Wilson,00-0038797,Emanuel Wilson,"https://static.www.nfl.com/image/upload/f_auto,q_auto/league/hpscbhsmjocm8kmwfbuc"
2473,18.7833333333333,1,RUSH,18,Em.Wilson,00-0038797,Emanuel Wilson,"https://static.www.nfl.com/image/upload/f_auto,q_auto/league/hpscbhsmjocm8kmwfbuc"
2424,19.6,1,RUSH,33,J.Reed,00-0039146,Jayden Reed,"https://static.www.nfl.com/image/upload/f_auto,q_auto/league/blh2tfg9qjthqo2g6ot4"
1739,31.0166666666667,1,RUSH,5,J.Jacobs,00-0035700,Josh Jacobs,"https://static.www.nfl.com/image/upload/f_auto,q_auto/league/ksdusqxnwqtnph0htcfx"
1666,32.2333333333333,1,RUSH,1,J.Jacobs,00-0035700,Josh Jacobs,"https://static.www.nfl.com/image/upload/f_auto,q_auto/league/ksdusqxnwqtnph0htcfx"
1341,37.65,1,RUSH,9,J.Jacobs,00-0035700,Josh Jacobs,"https://static.www.nfl.com/image/upload/f_auto,q_auto/league/ksdusqxnwqtnph0htcfx"
1131,41.15,1,RUSH,3,J.Jacobs,00-0035700,Josh Jacobs,"https://static.www.nfl.com/image/upload/f_auto,q_auto/league/ksdusqxnwqtnph0htcfx"
1053,42.45,1,RUSH,22,J.Jacobs,00-0035700,Josh Jacobs,"https://static.www.nfl.com/image/upload/f_auto,q_auto/league/ksdusqxnwqtnph0htcfx"
1012,43.1333333333333,1,RUSH,0,J.Jacobs,00-0035700,Josh Jacobs,"https://static.www.nfl.com/image/upload/f_auto,q_auto/league/ksdusqxnwqtnph0htcfx"
773,47.1166666666667,1,RUSH,32,J.Jacobs,00-0035700,Josh Jacobs,"https://static.www.nfl.com/image/upload/f_auto,q_auto/league/ksdusqxnwqtnph0htcfx"
735,47.75,1,RUSH,-1,J.Jacobs,00-0035700,Josh Jacobs,"https://static.www.nfl.com/image/upload/f_auto,q_auto/league/ksdusqxnwqtnph0htcfx"
611,49.8166666666667,1,RUSH,9,Em.Wilson,00-0038797,Emanuel Wilson,"https://static.www.nfl.com/image/upload/f_auto,q_auto/league/hpscbhsmjocm8kmwfbuc"
529,51.1833333333333,1,RUSH,5,J.Jacobs,00-0035700,Josh Jacobs,"https://static.www.nfl.com/image/upload/f_auto,q_auto/league/ksdusqxnwqtnph0htcfx"
15,59.75,1,RUSH,4,J.Jacobs,00-0035700,Josh Jacobs,"https://static.www.nfl.com/image/upload/f_auto,q_auto/league/ksdusqxnwqtnph0htcfx"
3600,0.0,2,RUSH,3,J.Jacobs,00-0035700,Josh Jacobs,"https://static.www.nfl.com/image/upload/f_auto,q_auto/league/ksdusqxnwqtnph0htcfx"
3570,0.5,2,RUSH,12,J.Jacobs,00-0035700,Josh Jacobs,"https://static.www.nfl.com/image/upload/f_auto,q_auto/league/ksdusqxnwqtnph0htcfx"
3512,1.46666666666667,2,RUSH,5,M.Lloyd,00-0039811,MarShawn Lloyd,"https://static.www.nfl.com/image/upload/f_auto,q_auto/league/cikf6dm0qassteyibwlv"
3491,1.81666666666667,2,RUSH,34,J.Jacobs,00-0035700,Josh Jacobs,"https://static.www.nfl.com/image/upload/f_auto,q_auto/league/ksdusqxnwqtnph0htcfx"
3455,2.41666666666666,2,RUSH,3,Em.Wilson,00-0038797,Emanuel Wilson,"https://static.www.nfl.com/image/upload/f_auto,q_auto/league/hpscbhsmjocm8kmwfbuc"
3422,2.96666666666667,2,RUSH,0,Em.Wilson,00-0038797,Emanuel Wilson,"https://static.www.nfl.com/image/upload/f_auto,q_auto/league/hpscbhsmjocm8kmwfbuc"
3279,5.35,2,RUSH,22,J.Reed,00-0039146,Jayden Reed,"https://static.www.nfl.com/image/upload/f_auto,q_auto/league/blh2tfg9qjthqo2g6ot4"
3246,5.9,2,RUSH,2,J.Jacobs,00-0035700,Josh Jacobs,"https://static.www.nfl.com/image/upload/f_auto,q_auto/league/ksdusqxnwqtnph0htcfx"
3213,6.45,2,RUSH,5,J.Jacobs,00-0035700,Josh Jacobs,"https://static.www.nfl.com/image/upload/f_auto,q_auto/league/ksdusqxnwqtnph0htcfx"
3174,7.1,2,RUSH,5,J.Jacobs,00-0035700,Josh Jacobs,"https://static.www.nfl.com/image/upload/f_auto,q_auto/league/ksdusqxnwqtnph0htcfx"
3136,7.73333333333333,2,RUSH,6,J.Jacobs,00-0035700,Josh Jacobs,"https://static.www.nfl.com/image/upload/f_auto,q_auto/league/ksdusqxnwqtnph0htcfx"
3099,8.35,2,RUSH,2,Em.Wilson,00-0038797,Emanuel Wilson,"https://static.www.nfl.com/image/upload/f_auto,q_auto/league/hpscbhsmjocm8kmwfbuc"
3062,8.96666666666667,2,RUSH,4,Em.Wilson,00-0038797,Emanuel Wilson,"https://static.www.nfl.com/image/upload/f_auto,q_auto/league/hpscbhsmjocm8kmwfbuc"
3024,9.6,2,RUSH,16,B.Melton,00-0037091,Bo Melton,"https://static.www.nfl.com/image/upload/f_auto,q_auto/league/bhmhwurwugjmymgjforf"
2974,10.4333333333333,2,RUSH,4,M.Lloyd,00-0039811,MarShawn Lloyd,"https://static.www.nfl.com/image/upload/f_auto,q_auto/league/cikf6dm0qassteyibwlv"
2942,10.9666666666667,2,RUSH,12,M.Willis,00-0038128,Malik Willis,"https://static.www.nfl.com/image/upload/f_auto,q_auto/league/e6w0hpe2pzefydmhqmr7"
2846,12.5666666666667,2,RUSH,15,J.Reed,00-0039146,Jayden Reed,"https://static.www.nfl.com/image/upload/f_auto,q_auto/league/blh2tfg9qjthqo2g6ot4"
2806,13.2333333333333,2,RUSH,4,J.Jacobs,00-0035700,Josh Jacobs,"https://static.www.nfl.com/image/upload/f_auto,q_auto/league/ksdusqxnwqtnph0htcfx"
2768,13.8666666666667,2,RUSH,9,J.Jacobs,00-0035700,Josh Jacobs,"https://static.www.nfl.com/image/upload/f_auto,q_auto/league/ksdusqxnwqtnph0htcfx"
2732,14.4666666666667,2,RUSH,1,J.Jacobs,00-0035700,Josh Jacobs,"https://static.www.nfl.com/image/upload/f_auto,q_auto/league/ksdusqxnwqtnph0htcfx"
2700,15.0,2,RUSH,4,J.Jacobs,00-0035700,Josh Jacobs,"https://static.www.nfl.com/image/upload/f_auto,q_auto/league/ksdusqxnwqtnph0htcfx"
2612,16.4666666666667,2,RUSH,2,M.Lloyd,00-0039811,MarShawn Lloyd,"https://static.www.nfl.com/image/upload/f_auto,q_auto/league/cikf6dm0qassteyibwlv"
2574,17.1,2,RUSH,19,M.Willis,00-0038128,Malik Willis,"https://static.www.nfl.com/image/upload/f_auto,q_auto/league/e6w0hpe2pzefydmhqmr7"
2533,17.7833333333333,2,RUSH,3,J.Jacobs,00-0035700,Josh Jacobs,"https://static.www.nfl.com/image/upload/f_auto,q_auto/league/ksdusqxnwqtnph0htcfx"
2358,20.7,2,RUSH,5,J.Jacobs,00-0035700,Josh Jacobs,"https://static.www.nfl.com/image/upload/f_auto,q_auto/league/ksdusqxnwqtnph0htcfx"
2322,21.3,2,RUSH,16,J.Jacobs,00-0035700,Josh Jacobs,"https://static.www.nfl.com/image/upload/f_auto,q_auto/league/ksdusqxnwqtnph0htcfx"
2282,21.9666666666667,2,RUSH,7,J.Jacobs,00-0035700,Josh Jacobs,"https://static.www.nfl.com/image/upload/f_auto,q_auto/league/ksdusqxnwqtnph0htcfx"
2244,22.6,2,RUSH,2,M.Lloyd,00-0039811,MarShawn Lloyd,"https://static.www.nfl.com/image/upload/f_auto,q_auto/league/cikf6dm0qassteyibwlv"
2201,23.3166666666667,2,RUSH,1,J.Jacobs,00-0035700,Josh Jacobs,"https://static.www.nfl.com/image/upload/f_auto,q_auto/league/ksdusqxnwqtnph0htcfx"
2157,24.05,2,RUSH,0,J.Jacobs,00-0035700,Josh Jacobs,"https://static.www.nfl.com/image/upload/f_auto,q_auto/league/ksdusqxnwqtnph0htcfx"
2115,24.75,2,RUSH,3,M.Willis,00-0038128,Malik Willis,"https://static.www.nfl.com/image/upload/f_auto,q_auto/league/e6w0hpe2pzefydmhqmr7"
1902,28.3,2,RUSH,7,J.Jacobs,00-0035700,Josh Jacobs,"https://static.www.nfl.com/image/upload/f_auto,q_auto/league/ksdusqxnwqtnph0htcfx"
1866,28.9,2,RUSH,2,J.Jacobs,00-0035700,Josh Jacobs,"https://static.www.nfl.com/image/upload/f_auto,q_auto/league/ksdusqxnwqtnph0htcfx"
1820,29.6666666666667,2,RUSH,2,J.Jacobs,00-0035700,Josh Jacobs,"https://static.www.nfl.com/image/upload/f_auto,q_auto/league/ksdusqxnwqtnph0htcfx"
1640,32.6666666666667,2,RUSH,-1,J.Jacobs,00-0035700,Josh Jacobs,"https://static.www.nfl.com/image/upload/f_auto,q_auto/league/ksdusqxnwqtnph0htcfx"
1604,33.2666666666667,2,RUSH,2,J.Jacobs,00-0035700,Josh Jacobs,"https://static.www.nfl.com/image/upload/f_auto,q_auto/league/ksdusqxnwqtnph0htcfx"
1530,34.5,2,RUSH,-5,J.Jacobs,00-0035700,Josh Jacobs,"https://static.www.nfl.com/image/upload/f_auto,q_auto/league/ksdusqxnwqtnph0htcfx"
1453,35.7833333333333,2,RUSH,5,J.Jacobs,00-0035700,Josh Jacobs,"https://static.www.nfl.com/image/upload/f_auto,q_auto/league/ksdusqxnwqtnph0htcfx"
1172,40.4666666666667,2,RUSH,-8,B.Melton,00-0037091,Bo Melton,"https://static.www.nfl.com/image/upload/f_auto,q_auto/league/bhmhwurwugjmymgjforf"
852,45.8,2,RUSH,2,J.Jacobs,00-0035700,Josh Jacobs,"https://static.www.nfl.com/image/upload/f_auto,q_auto/league/ksdusqxnwqtnph0htcfx"
820,46.3333333333333,2,RUSH,3,M.Willis,00-0038128,Malik Willis,"https://static.www.nfl.com/image/upload/f_auto,q_auto/league/e6w0hpe2pzefydmhqmr7"
740,47.6666666666667,2,RUSH,1,J.Jacobs,00-0035700,Josh Jacobs,"https://static.www.nfl.com/image/upload/f_auto,q_auto/league/ksdusqxnwqtnph0htcfx"
703,48.2833333333333,2,RUSH,-1,M.Willis,00-0038128,Malik Willis,"https://static.www.nfl.com/image/upload/f_auto,q_auto/league/e6w0hpe2pzefydmhqmr7"
619,49.6833333333333,2,RUSH,3,J.Jacobs,00-0035700,Josh Jacobs,"https://static.www.nfl.com/image/upload/f_auto,q_auto/league/ksdusqxnwqtnph0htcfx"
545,50.9166666666667,2,RUSH,2,M.Lloyd,00-0039811,MarShawn Lloyd,"https://static.www.nfl.com/image/upload/f_auto,q_auto/league/cikf6dm0qassteyibwlv"
507,51.55,2,RUSH,12,J.Jacobs,00-0035700,Josh Jacobs,"https://static.www.nfl.com/image/upload/f_auto,q_auto/league/ksdusqxnwqtnph0htcfx"
466,52.2333333333333,2,RUSH,-1,J.Jacobs,00-0035700,Josh Jacobs,"https://static.www.nfl.com/image/upload/f_auto,q_auto/league/ksdusqxnwqtnph0htcfx"
346,54.2333333333333,2,RUSH,0,Em.Wilson,00-0038797,Emanuel Wilson,"https://static.www.nfl.com/image/upload/f_auto,q_auto/league/hpscbhsmjocm8kmwfbuc"
302,54.9666666666667,2,RUSH,0,M.Lloyd,00-0039811,MarShawn Lloyd,"https://static.www.nfl.com/image/upload/f_auto,q_auto/league/cikf6dm0qassteyibwlv"
298,55.0333333333333,2,RUSH,5,M.Willis,00-0038128,Malik Willis,"https://static.www.nfl.com/image/upload/f_auto,q_auto/league/e6w0hpe2pzefydmhqmr7"
106,58.2333333333333,2,RUSH,3,J.Jacobs,00-0035700,Josh Jacobs,"https://static.www.nfl.com/image/upload/f_auto,q_auto/league/ksdusqxnwqtnph0htcfx"
101,58.3166666666667,2,RUSH,1,J.Jacobs,00-0035700,Josh Jacobs,"https://static.www.nfl.com/image/upload/f_auto,q_auto/league/ksdusqxnwqtnph0htcfx"
95,58.4166666666667,2,RUSH,1,J.Jacobs,00-0035700,Josh Jacobs,"https://static.www.nfl.com/image/upload/f_auto,q_auto/league/ksdusqxnwqtnph0htcfx"
3561,0.649999999999999,3,RUSH,4,J.Jacobs,00-0035700,Josh Jacobs,"https://static.www.nfl.com/image/upload/f_auto,q_auto/league/ksdusqxnwqtnph0htcfx"
3483,1.95,3,RUSH,1,J.Jacobs,00-0035700,Josh Jacobs,"https://static.www.nfl.com/image/upload/f_auto,q_auto/league/ksdusqxnwqtnph0htcfx"
3450,2.5,3,RUSH,5,M.Willis,00-0038128,Malik Willis,"https://static.www.nfl.com/image/upload/f_auto,q_auto/league/e6w0hpe2pzefydmhqmr7"
3135,7.75,3,RUSH,-1,J.Jacobs,00-0035700,Josh Jacobs,"https://static.www.nfl.com/image/upload/f_auto,q_auto/league/ksdusqxnwqtnph0htcfx"
3059,9.01666666666667,3,RUSH,20,M.Willis,00-0038128,Malik Willis,"https://static.www.nfl.com/image/upload/f_auto,q_auto/league/e6w0hpe2pzefydmhqmr7"
3015,9.75,3,RUSH,0,Em.Wilson,00-0038797,Emanuel Wilson,"https://static.www.nfl.com/image/upload/f_auto,q_auto/league/hpscbhsmjocm8kmwfbuc"
2941,10.9833333333333,3,RUSH,8,M.Willis,00-0038128,Malik Willis,"https://static.www.nfl.com/image/upload/f_auto,q_auto/league/e6w0hpe2pzefydmhqmr7"
2895,11.75,3,RUSH,29,M.Willis,00-0038128,Malik Willis,"https://static.www.nfl.com/image/upload/f_auto,q_auto/league/e6w0hpe2pzefydmhqmr7"
2850,12.5,3,RUSH,-2,J.Jacobs,00-0035700,Josh Jacobs,"https://static.www.nfl.com/image/upload/f_auto,q_auto/league/ksdusqxnwqtnph0htcfx"
2813,13.1166666666667,3,RUSH,1,J.Jacobs,00-0035700,Josh Jacobs,"https://static.www.nfl.com/image/upload/f_auto,q_auto/league/ksdusqxnwqtnph0htcfx"
2520,18.0,3,RUSH,4,J.Reed,00-0039146,Jayden Reed,"https://static.www.nfl.com/image/upload/f_auto,q_auto/league/blh2tfg9qjthqo2g6ot4"
2479,18.6833333333333,3,RUSH,10,Em.Wilson,00-0038797,Emanuel Wilson,"https://static.www.nfl.com/image/upload/f_auto,q_auto/league/hpscbhsmjocm8kmwfbuc"
2443,19.2833333333333,3,RUSH,7,Em.Wilson,00-0038797,Emanuel Wilson,"https://static.www.nfl.com/image/upload/f_auto,q_auto/league/hpscbhsmjocm8kmwfbuc"
2143,24.2833333333333,3,RUSH,6,J.Jacobs,00-0035700,Josh Jacobs,"https://static.www.nfl.com/image/upload/f_auto,q_auto/league/ksdusqxnwqtnph0htcfx"
2034,26.1,3,RUSH,4,M.Willis,00-0038128,Malik Willis,"https://static.www.nfl.com/image/upload/f_auto,q_auto/league/e6w0hpe2pzefydmhqmr7"
1986,26.9,3,RUSH,15,J.Reed,00-0039146,Jayden Reed,"https://static.www.nfl.com/image/upload/f_auto,q_auto/league/blh2tfg9qjthqo2g6ot4"
1920,28.0,3,RUSH,2,J.Jacobs,00-0035700,Josh Jacobs,"https://static.www.nfl.com/image/upload/f_auto,q_auto/league/ksdusqxnwqtnph0htcfx"
1889,28.5166666666667,3,RUSH,0,Em.Wilson,00-0038797,Emanuel Wilson,"https://static.www.nfl.com/image/upload/f_auto,q_auto/league/hpscbhsmjocm8kmwfbuc"
1847,29.2166666666667,3,RUSH,7,M.Willis,00-0038128,Malik Willis,"https://static.www.nfl.com/image/upload/f_auto,q_auto/league/e6w0hpe2pzefydmhqmr7"
1598,33.3666666666667,3,RUSH,5,J.Jacobs,00-0035700,Josh Jacobs,"https://static.www.nfl.com/image/upload/f_auto,q_auto/league/ksdusqxnwqtnph0htcfx"
1450,35.8333333333333,3,RUSH,-5,Em.Wilson,00-0038797,Emanuel Wilson,"https://static.www.nfl.com/image/upload/f_auto,q_auto/league/hpscbhsmjocm8kmwfbuc"
1195,40.0833333333333,3,RUSH,3,J.Jacobs,00-0035700,Josh Jacobs,"https://static.www.nfl.com/image/upload/f_auto,q_auto/league/ksdusqxnwqtnph0htcfx"
1161,40.65,3,RUSH,5,J.Jacobs,00-0035700,Josh Jacobs,"https://static.www.nfl.com/image/upload/f_auto,q_auto/league/ksdusqxnwqtnph0htcfx"
1122,41.3,3,RUSH,-1,J.Jacobs,00-0035700,Josh Jacobs,"https://static.www.nfl.com/image/upload/f_auto,q_auto/league/ksdusqxnwqtnph0htcfx"
928,44.5333333333333,3,RUSH,7,Em.Wilson,00-0038797,Emanuel Wilson,"https://static.www.nfl.com/image/upload/f_auto,q_auto/league/hpscbhsmjocm8kmwfbuc"
900,45.0,3,RUSH,4,Em.Wilson,00-0038797,Emanuel Wilson,"https://static.www.nfl.com/image/upload/f_auto,q_auto/league/hpscbhsmjocm8kmwfbuc"
829,46.1833333333333,3,RUSH,1,Em.Wilson,00-0038797,Emanuel Wilson,"https://static.www.nfl.com/image/upload/f_auto,q_auto/league/hpscbhsmjocm8kmwfbuc"
593,50.1166666666667,3,RUSH,5,J.Jacobs,00-0035700,Josh Jacobs,"https://static.www.nfl.com/image/upload/f_auto,q_auto/league/ksdusqxnwqtnph0htcfx"
400,53.3333333333333,3,RUSH,7,Em.Wilson,00-0038797,Emanuel Wilson,"https://static.www.nfl.com/image/upload/f_auto,q_auto/league/hpscbhsmjocm8kmwfbuc"
357,54.05,3,RUSH,9,Em.Wilson,00-0038797,Emanuel Wilson,"https://static.www.nfl.com/image/upload/f_auto,q_auto/league/hpscbhsmjocm8kmwfbuc"
316,54.7333333333333,3,RUSH,10,J.Jacobs,00-0035700,Josh Jacobs,"https://static.www.nfl.com/image/upload/f_auto,q_auto/league/ksdusqxnwqtnph0htcfx"
274,55.4333333333333,3,RUSH,5,J.Jacobs,00-0035700,Josh Jacobs,"https://static.www.nfl.com/image/upload/f_auto,q_auto/league/ksdusqxnwqtnph0htcfx"
269,55.5166666666667,3,RUSH,7,Em.Wilson,00-0038797,Emanuel Wilson,"https://static.www.nfl.com/image/upload/f_auto,q_auto/league/hpscbhsmjocm8kmwfbuc"
228,56.2,3,RUSH,3,Em.Wilson,00-0038797,Emanuel Wilson,"https://static.www.nfl.com/image/upload/f_auto,q_auto/league/hpscbhsmjocm8kmwfbuc"
128,57.8666666666667,3,RUSH,0,C.Brooks,00-0038685,Chris Brooks,"https://static.www.nfl.com/image/upload/f_auto,q_auto/league/ruqvofrqwhpi8ocxgkge"
120,58.0,3,RUSH,3,C.Brooks,00-0038685,Chris Brooks,"https://static.www.nfl.com/image/upload/f_auto,q_auto/league/ruqvofrqwhpi8ocxgkge"
113,58.1166666666667,3,RUSH,0,C.Brooks,00-0038685,Chris Brooks,"https://static.www.nfl.com/image/upload/f_auto,q_auto/league/ruqvofrqwhpi8ocxgkge"
3413,3.11666666666667,4,RUSH,8,J.Jacobs,00-0035700,Josh Jacobs,"https://static.www.nfl.com/image/upload/f_auto,q_auto/league/ksdusqxnwqtnph0htcfx"
3334,4.43333333333333,4,RUSH,3,Em.Wilson,00-0038797,Emanuel Wilson,"https://static.www.nfl.com/image/upload/f_auto,q_auto/league/hpscbhsmjocm8kmwfbuc"
3296,5.06666666666667,4,RUSH,13,J.Jacobs,00-0035700,Josh Jacobs,"https://static.www.nfl.com/image/upload/f_auto,q_auto/league/ksdusqxnwqtnph0htcfx"
3257,5.71666666666667,4,RUSH,2,J.Reed,00-0039146,Jayden Reed,"https://static.www.nfl.com/image/upload/f_auto,q_auto/league/blh2tfg9qjthqo2g6ot4"
3132,7.8,4,RUSH,1,J.Jacobs,00-0035700,Josh Jacobs,"https://static.www.nfl.com/image/upload/f_auto,q_auto/league/ksdusqxnwqtnph0htcfx"
2797,13.3833333333333,4,RUSH,-2,J.Jacobs,00-0035700,Josh Jacobs,"https://static.www.nfl.com/image/upload/f_auto,q_auto/league/ksdusqxnwqtnph0htcfx"
2472,18.8,4,RUSH,-1,Em.Wilson,00-0038797,Emanuel Wilson,"https://static.www.nfl.com/image/upload/f_auto,q_auto/league/hpscbhsmjocm8kmwfbuc"
2385,20.25,4,RUSH,2,Em.Wilson,00-0038797,Emanuel Wilson,"https://static.www.nfl.com/image/upload/f_auto,q_auto/league/hpscbhsmjocm8kmwfbuc"
2221,22.9833333333333,4,RUSH,6,J.Jacobs,00-0035700,Josh Jacobs,"https://static.www.nfl.com/image/upload/f_auto,q_auto/league/ksdusqxnwqtnph0htcfx"
2075,25.4166666666667,4,RUSH,5,Em.Wilson,00-0038797,Emanuel Wilson,"https://static.www.nfl.com/image/upload/f_auto,q_auto/league/hpscbhsmjocm8kmwfbuc"
1972,27.1333333333333,4,RUSH,6,J.Love,00-0036264,Jordan Love,"https://static.www.nfl.com/image/upload/f_auto,q_auto/league/a8xqle2vmsnumawdhswb"
1800,30.0,4,RUSH,3,J.Jacobs,00-0035700,Josh Jacobs,"https://static.www.nfl.com/image/upload/f_auto,q_auto/league/ksdusqxnwqtnph0htcfx"
1518,34.7,4,RUSH,4,J.Jacobs,00-0035700,Josh Jacobs,"https://static.www.nfl.com/image/upload/f_auto,q_auto/league/ksdusqxnwqtnph0htcfx"
1262,38.9666666666667,4,RUSH,8,Em.Wilson,00-0038797,Emanuel Wilson,"https://static.www.nfl.com/image/upload/f_auto,q_auto/league/hpscbhsmjocm8kmwfbuc"
1219,39.6833333333333,4,RUSH,2,Em.Wilson,00-0038797,Emanuel Wilson,"https://static.www.nfl.com/image/upload/f_auto,q_auto/league/hpscbhsmjocm8kmwfbuc"
1154,40.7666666666667,4,RUSH,2,Em.Wilson,00-0038797,Emanuel Wilson,"https://static.www.nfl.com/image/upload/f_auto,q_auto/league/hpscbhsmjocm8kmwfbuc"
895,45.0833333333333,4,RUSH,11,J.Jacobs,00-0035700,Josh Jacobs,"https://static.www.nfl.com/image/upload/f_auto,q_auto/league/ksdusqxnwqtnph0htcfx"
643,49.2833333333333,4,RUSH,7,J.Jacobs,00-0035700,Josh Jacobs,"https://static.www.nfl.com/image/upload/f_auto,q_auto/league/ksdusqxnwqtnph0htcfx"
138,57.7,4,RUSH,6,Em.Wilson,00-0038797,Emanuel Wilson,"https://static.www.nfl.com/image/upload/f_auto,q_auto/league/hpscbhsmjocm8kmwfbuc"
3594,0.100000000000001,5,RUSH,3,J.Jacobs,00-0035700,Josh Jacobs,"https://static.www.nfl.com/image/upload/f_auto,q_auto/league/ksdusqxnwqtnph0htcfx"
3373,3.78333333333333,5,RUSH,4,J.Jacobs,00-0035700,Josh Jacobs,"https://static.www.nfl.com/image/upload/f_auto,q_auto/league/ksdusqxnwqtnph0htcfx"
3294,5.1,5,RUSH,7,J.Jacobs,00-0035700,Josh Jacobs,"https://static.www.nfl.com/image/upload/f_auto,q_auto/league/ksdusqxnwqtnph0htcfx"
3250,5.83333333333334,5,RUSH,8,J.Reed,00-0039146,Jayden Reed,"https://static.www.nfl.com/image/upload/f_auto,q_auto/league/blh2tfg9qjthqo2g6ot4"
3206,6.56666666666667,5,RUSH,11,J.Jacobs,00-0035700,Josh Jacobs,"https://static.www.nfl.com/image/upload/f_auto,q_auto/league/ksdusqxnwqtnph0htcfx"
3112,8.13333333333333,5,RUSH,2,J.Jacobs,00-0035700,Josh Jacobs,"https://static.www.nfl.com/image/upload/f_auto,q_auto/league/ksdusqxnwqtnph0htcfx"
2904,11.6,5,RUSH,7,Em.Wilson,00-0038797,Emanuel Wilson,"https://static.www.nfl.com/image/upload/f_auto,q_auto/league/hpscbhsmjocm8kmwfbuc"
2870,12.1666666666667,5,RUSH,1,Em.Wilson,00-0038797,Emanuel Wilson,"https://static.www.nfl.com/image/upload/f_auto,q_auto/league/hpscbhsmjocm8kmwfbuc"
2382,20.3,5,RUSH,-4,J.Jacobs,00-0035700,Josh Jacobs,"https://static.www.nfl.com/image/upload/f_auto,q_auto/league/ksdusqxnwqtnph0htcfx"
1922,27.9666666666667,5,RUSH,5,J.Jacobs,00-0035700,Josh Jacobs,"https://static.www.nfl.com/image/upload/f_auto,q_auto/league/ksdusqxnwqtnph0htcfx"
1916,28.0666666666667,5,RUSH,1,J.Jacobs,00-0035700,Josh Jacobs,"https://static.www.nfl.com/image/upload/f_auto,q_auto/league/ksdusqxnwqtnph0htcfx"
1841,29.3166666666667,5,RUSH,3,J.Jacobs,00-0035700,Josh Jacobs,"https://static.www.nfl.com/image/upload/f_auto,q_auto/league/ksdusqxnwqtnph0htcfx"
1618,33.0333333333333,5,RUSH,4,J.Jacobs,00-0035700,Josh Jacobs,"https://static.www.nfl.com/image/upload/f_auto,q_auto/league/ksdusqxnwqtnph0htcfx"
1381,36.9833333333333,5,RUSH,11,J.Reed,00-0039146,Jayden Reed,"https://static.www.nfl.com/image/upload/f_auto,q_auto/league/blh2tfg9qjthqo2g6ot4"
1347,37.55,5,RUSH,2,J.Jacobs,00-0035700,Josh Jacobs,"https://static.www.nfl.com/image/upload/f_auto,q_auto/league/ksdusqxnwqtnph0htcfx"
1262,38.9666666666667,5,RUSH,6,Em.Wilson,00-0038797,Emanuel Wilson,"https://static.www.nfl.com/image/upload/f_auto,q_auto/league/hpscbhsmjocm8kmwfbuc"
1217,39.7166666666667,5,RUSH,5,Em.Wilson,00-0038797,Emanuel Wilson,"https://static.www.nfl.com/image/upload/f_auto,q_auto/league/hpscbhsmjocm8kmwfbuc"
1181,40.3166666666667,5,RUSH,2,J.Jacobs,00-0035700,Josh Jacobs,"https://static.www.nfl.com/image/upload/f_auto,q_auto/league/ksdusqxnwqtnph0htcfx"
855,45.75,5,RUSH,3,J.Jacobs,00-0035700,Josh Jacobs,"https://static.www.nfl.com/image/upload/f_auto,q_auto/league/ksdusqxnwqtnph0htcfx"
772,47.1333333333333,5,RUSH,2,J.Jacobs,00-0035700,Josh Jacobs,"https://static.www.nfl.com/image/upload/f_auto,q_auto/league/ksdusqxnwqtnph0htcfx"
685,48.5833333333333,5,RUSH,3,J.Jacobs,00-0035700,Josh Jacobs,"https://static.www.nfl.com/image/upload/f_auto,q_auto/league/ksdusqxnwqtnph0htcfx"
642,49.3,5,RUSH,12,J.Love,00-0036264,Jordan Love,"https://static.www.nfl.com/image/upload/f_auto,q_auto/league/a8xqle2vmsnumawdhswb"
611,49.8166666666667,5,RUSH,8,J.Jacobs,00-0035700,Josh Jacobs,"https://static.www.nfl.com/image/upload/f_auto,q_auto/league/ksdusqxnwqtnph0htcfx"
573,50.45,5,RUSH,4,J.Jacobs,00-0035700,Josh Jacobs,"https://static.www.nfl.com/image/upload/f_auto,q_auto/league/ksdusqxnwqtnph0htcfx"
529,51.1833333333333,5,RUSH,4,Em.Wilson,00-0038797,Emanuel Wilson,"https://static.www.nfl.com/image/upload/f_auto,q_auto/league/hpscbhsmjocm8kmwfbuc"
483,51.95,5,RUSH,1,Em.Wilson,00-0038797,Emanuel Wilson,"https://static.www.nfl.com/image/upload/f_auto,q_auto/league/hpscbhsmjocm8kmwfbuc"
210,56.5,5,RUSH,13,J.Jacobs,00-0035700,Josh Jacobs,"https://static.www.nfl.com/image/upload/f_auto,q_auto/league/ksdusqxnwqtnph0htcfx"
200,56.6666666666667,5,RUSH,0,J.Jacobs,00-0035700,Josh Jacobs,"https://static.www.nfl.com/image/upload/f_auto,q_auto/league/ksdusqxnwqtnph0htcfx"
62,58.9666666666667,5,RUSH,-1,J.Love,00-0036264,Jordan Love,"https://static.www.nfl.com/image/upload/f_auto,q_auto/league/a8xqle2vmsnumawdhswb"
21,59.65,5,RUSH,-1,J.Love,00-0036264,Jordan Love,"https://static.www.nfl.com/image/upload/f_auto,q_auto/league/a8xqle2vmsnumawdhswb"
3600,0.0,6,RUSH,2,J.Jacobs,00-0035700,Josh Jacobs,"https://static.www.nfl.com/image/upload/f_auto,q_auto/league/ksdusqxnwqtnph0htcfx"
3532,1.13333333333333,6,RUSH,5,J.Jacobs,00-0035700,Josh Jacobs,"https://static.www.nfl.com/image/upload/f_auto,q_auto/league/ksdusqxnwqtnph0htcfx"
3386,3.56666666666667,6,RUSH,14,J.Jacobs,00-0035700,Josh Jacobs,"https://static.www.nfl.com/image/upload/f_auto,q_auto/league/ksdusqxnwqtnph0htcfx"
3330,4.5,6,RUSH,16,B.Melton,00-0037091,Bo Melton,"https://static.www.nfl.com/image/upload/f_auto,q_auto/league/bhmhwurwugjmymgjforf"
3289,5.18333333333333,6,RUSH,4,J.Jacobs,00-0035700,Josh Jacobs,"https://static.www.nfl.com/image/upload/f_auto,q_auto/league/ksdusqxnwqtnph0htcfx"
3054,9.1,6,RUSH,0,J.Reed,00-0039146,Jayden Reed,"https://static.www.nfl.com/image/upload/f_auto,q_auto/league/blh2tfg9qjthqo2g6ot4"
2966,10.5666666666667,6,RUSH,7,Em.Wilson,00-0038797,Emanuel Wilson,"https://static.www.nfl.com/image/upload/f_auto,q_auto/league/hpscbhsmjocm8kmwfbuc"
2886,11.9,6,RUSH,2,J.Jacobs,00-0035700,Josh Jacobs,"https://static.www.nfl.com/image/upload/f_auto,q_auto/league/ksdusqxnwqtnph0htcfx"
2803,13.2833333333333,6,RUSH,3,J.Love,00-0036264,Jordan Love,"https://static.www.nfl.com/image/upload/f_auto,q_auto/league/a8xqle2vmsnumawdhswb"
2600,16.6666666666667,6,RUSH,5,J.Jacobs,00-0035700,Josh Jacobs,"https://static.www.nfl.com/image/upload/f_auto,q_auto/league/ksdusqxnwqtnph0htcfx"
2531,17.8166666666667,6,RUSH,4,J.Jacobs,00-0035700,Josh Jacobs,"https://static.www.nfl.com/image/upload/f_auto,q_auto/league/ksdusqxnwqtnph0htcfx"
2403,19.95,6,RUSH,2,J.Jacobs,00-0035700,Josh Jacobs,"https://static.www.nfl.com/image/upload/f_auto,q_auto/league/ksdusqxnwqtnph0htcfx"
2364,20.6,6,RUSH,1,J.Jacobs,00-0035700,Josh Jacobs,"https://static.www.nfl.com/image/upload/f_auto,q_auto/league/ksdusqxnwqtnph0htcfx"
2286,21.9,6,RUSH,2,J.Jacobs,00-0035700,Josh Jacobs,"https://static.www.nfl.com/image/upload/f_auto,q_auto/league/ksdusqxnwqtnph0htcfx"
1910,28.1666666666667,6,RUSH,5,J.Jacobs,00-0035700,Josh Jacobs,"https://static.www.nfl.com/image/upload/f_auto,q_auto/league/ksdusqxnwqtnph0htcfx"
1443,35.95,6,RUSH,6,J.Jacobs,00-0035700,Josh Jacobs,"https://static.www.nfl.com/image/upload/f_auto,q_auto/league/ksdusqxnwqtnph0htcfx"
1397,36.7166666666667,6,RUSH,-1,J.Jacobs,00-0035700,Josh Jacobs,"https://static.www.nfl.com/image/upload/f_auto,q_auto/league/ksdusqxnwqtnph0htcfx"
1367,37.2166666666667,6,RUSH,6,J.Love,00-0036264,Jordan Love,"https://static.www.nfl.com/image/upload/f_auto,q_auto/league/a8xqle2vmsnumawdhswb"
1301,38.3166666666667,6,RUSH,-1,J.Jacobs,00-0035700,Josh Jacobs,"https://static.www.nfl.com/image/upload/f_auto,q_auto/league/ksdusqxnwqtnph0htcfx"
912,44.8,6,RUSH,3,J.Jacobs,00-0035700,Josh Jacobs,"https://static.www.nfl.com/image/upload/f_auto,q_auto/league/ksdusqxnwqtnph0htcfx"
900,45.0,6,RUSH,3,J.Jacobs,00-0035700,Josh Jacobs,"https://static.www.nfl.com/image/upload/f_auto,q_auto/league/ksdusqxnwqtnph0htcfx"
859,45.6833333333333,6,RUSH,6,J.Love,00-0036264,Jordan Love,"https://static.www.nfl.com/image/upload/f_auto,q_auto/league/a8xqle2vmsnumawdhswb"
829,46.1833333333333,6,RUSH,5,Em.Wilson,00-0038797,Emanuel Wilson,"https://static.www.nfl.com/image/upload/f_auto,q_auto/league/hpscbhsmjocm8kmwfbuc"
792,46.8,6,RUSH,4,Em.Wilson,00-0038797,Emanuel Wilson,"https://static.www.nfl.com/image/upload/f_auto,q_auto/league/hpscbhsmjocm8kmwfbuc"
771,47.15,6,RUSH,2,T.Kraft,00-0038996,Tucker Kraft,"https://static.www.nfl.com/image/upload/f_auto,q_auto/league/klrmgekdzx1ywjjmixp7"
733,47.7833333333333,6,RUSH,7,J.Jacobs,00-0035700,Josh Jacobs,"https://static.www.nfl.com/image/upload/f_auto,q_auto/league/ksdusqxnwqtnph0htcfx"
664,48.9333333333333,6,RUSH,-1,J.Jacobs,00-0035700,Josh Jacobs,"https://static.www.nfl.com/image/upload/f_auto,q_auto/league/ksdusqxnwqtnph0htcfx"
622,49.6333333333333,6,RUSH,7,C.Brooks,00-0038685,Chris Brooks,"https://static.www.nfl.com/image/upload/f_auto,q_auto/league/uuahiqarbpnfv8xlihlu"
337,54.3833333333333,6,RUSH,3,Em.Wilson,00-0038797,Emanuel Wilson,"https://static.www.nfl.com/image/upload/f_auto,q_auto/league/hpscbhsmjocm8kmwfbuc"
289,55.1833333333333,6,RUSH,11,B.Melton,00-0037091,Bo Melton,"https://static.www.nfl.com/image/upload/f_auto,q_auto/league/bhmhwurwugjmymgjforf"
282,55.3,6,RUSH,6,Em.Wilson,00-0038797,Emanuel Wilson,"https://static.www.nfl.com/image/upload/f_auto,q_auto/league/hpscbhsmjocm8kmwfbuc"
275,55.4166666666667,6,RUSH,13,Em.Wilson,00-0038797,Emanuel Wilson,"https://static.www.nfl.com/image/upload/f_auto,q_auto/league/hpscbhsmjocm8kmwfbuc"
229,56.1833333333333,6,RUSH,3,C.Brooks,00-0038685,Chris Brooks,"https://static.www.nfl.com/image/upload/f_auto,q_auto/league/uuahiqarbpnfv8xlihlu"
186,56.9,6,RUSH,16,Em.Wilson,00-0038797,Emanuel Wilson,"https://static.www.nfl.com/image/upload/f_auto,q_auto/league/hpscbhsmjocm8kmwfbuc"
140,57.6666666666667,6,RUSH,0,C.Brooks,00-0038685,Chris Brooks,"https://static.www.nfl.com/image/upload/f_auto,q_auto/league/uuahiqarbpnfv8xlihlu"
120,58.0,6,RUSH,11,C.Brooks,00-0038685,Chris Brooks,"https://static.www.nfl.com/image/upload/f_auto,q_auto/league/uuahiqarbpnfv8xlihlu"
74,58.7666666666667,6,RUSH,-1,J.Love,00-0036264,Jordan Love,"https://static.www.nfl.com/image/upload/f_auto,q_auto/league/a8xqle2vmsnumawdhswb"
33,59.45,6,RUSH,-1,J.Love,00-0036264,Jordan Love,"https://static.www.nfl.com/image/upload/f_auto,q_auto/league/a8xqle2vmsnumawdhswb"
3560,0.666666666666664,7,RUSH,4,J.Jacobs,00-0035700,Josh Jacobs,"https://static.www.nfl.com/image/upload/f_auto,q_auto/league/ksdusqxnwqtnph0htcfx"
3517,1.38333333333333,7,RUSH,3,J.Jacobs,00-0035700,Josh Jacobs,"https://static.www.nfl.com/image/upload/f_auto,q_auto/league/ksdusqxnwqtnph0htcfx"
3371,3.81666666666667,7,RUSH,-1,B.Melton,00-0037091,Bo Melton,"https://static.www.nfl.com/image/upload/f_auto,q_auto/league/bhmhwurwugjmymgjforf"
3006,9.9,7,RUSH,4,J.Jacobs,00-0035700,Josh Jacobs,"https://static.www.nfl.com/image/upload/f_auto,q_auto/league/ksdusqxnwqtnph0htcfx"
2933,11.1166666666667,7,RUSH,13,J.Jacobs,00-0035700,Josh Jacobs,"https://static.www.nfl.com/image/upload/f_auto,q_auto/league/ksdusqxnwqtnph0htcfx"
2890,11.8333333333333,7,RUSH,3,J.Jacobs,00-0035700,Josh Jacobs,"https://static.www.nfl.com/image/upload/f_auto,q_auto/league/ksdusqxnwqtnph0htcfx"
2723,14.6166666666667,7,RUSH,-4,C.Watson,00-0038124,Christian Watson,"https://static.www.nfl.com/image/upload/f_auto,q_auto/league/qenktpex0mep8er8dzxj"
2675,15.4166666666667,7,RUSH,1,J.Jacobs,00-0035700,Josh Jacobs,"https://static.www.nfl.com/image/upload/f_auto,q_auto/league/ksdusqxnwqtnph0htcfx"
2512,18.1333333333333,7,RUSH,5,Em.Wilson,00-0038797,Emanuel Wilson,"https://static.www.nfl.com/image/upload/f_auto,q_auto/league/hpscbhsmjocm8kmwfbuc"
2477,18.7166666666667,7,RUSH,2,Em.Wilson,00-0038797,Emanuel Wilson,"https://static.www.nfl.com/image/upload/f_auto,q_auto/league/hpscbhsmjocm8kmwfbuc"
2437,19.3833333333333,7,RUSH,4,Em.Wilson,00-0038797,Emanuel Wilson,"https://static.www.nfl.com/image/upload/f_auto,q_auto/league/hpscbhsmjocm8kmwfbuc"
2389,20.1833333333333,7,RUSH,-1,Em.Wilson,00-0038797,Emanuel Wilson,"https://static.www.nfl.com/image/upload/f_auto,q_auto/league/hpscbhsmjocm8kmwfbuc"
1667,32.2166666666667,7,RUSH,3,J.Jacobs,00-0035700,Josh Jacobs,"https://static.www.nfl.com/image/upload/f_auto,q_auto/league/ksdusqxnwqtnph0htcfx"
1591,33.4833333333333,7,RUSH,2,J.Jacobs,00-0035700,Josh Jacobs,"https://static.www.nfl.com/image/upload/f_auto,q_auto/league/ksdusqxnwqtnph0htcfx"
1554,34.1,7,RUSH,10,J.Jacobs,00-0035700,Josh Jacobs,"https://static.www.nfl.com/image/upload/f_auto,q_auto/league/ksdusqxnwqtnph0htcfx"
1514,34.7666666666667,7,RUSH,27,J.Jacobs,00-0035700,Josh Jacobs,"https://static.www.nfl.com/image/upload/f_auto,q_auto/league/ksdusqxnwqtnph0htcfx"
1470,35.5,7,RUSH,1,Em.Wilson,00-0038797,Emanuel Wilson,"https://static.www.nfl.com/image/upload/f_auto,q_auto/league/hpscbhsmjocm8kmwfbuc"
1304,38.2666666666667,7,RUSH,7,J.Jacobs,00-0035700,Josh Jacobs,"https://static.www.nfl.com/image/upload/f_auto,q_auto/league/ksdusqxnwqtnph0htcfx"
1233,39.45,7,RUSH,0,J.Reed,00-0039146,Jayden Reed,"https://static.www.nfl.com/image/upload/f_auto,q_auto/league/blh2tfg9qjthqo2g6ot4"
966,43.9,7,RUSH,-1,J.Jacobs,00-0035700,Josh Jacobs,"https://static.www.nfl.com/image/upload/f_auto,q_auto/league/ksdusqxnwqtnph0htcfx"
3525,1.25,8,RUSH,7,J.Jacobs,00-0035700,Josh Jacobs,"https://static.www.nfl.com/image/upload/f_auto,q_auto/league/ksdusqxnwqtnph0htcfx"
3479,2.01666666666667,8,RUSH,0,J.Reed,00-0039146,Jayden Reed,"https://static.www.nfl.com/image/upload/f_auto,q_auto/league/blh2tfg9qjthqo2g6ot4"
3440,2.66666666666666,8,RUSH,4,J.Jacobs,00-0035700,Josh Jacobs,"https://static.www.nfl.com/image/upload/f_auto,q_auto/league/ksdusqxnwqtnph0htcfx"
3294,5.1,8,RUSH,3,J.Jacobs,00-0035700,Josh Jacobs,"https://static.www.nfl.com/image/upload/f_auto,q_auto/league/ksdusqxnwqtnph0htcfx"
3253,5.78333333333333,8,RUSH,2,J.Jacobs,00-0035700,Josh Jacobs,"https://static.www.nfl.com/image/upload/f_auto,q_auto/league/ksdusqxnwqtnph0htcfx"
3030,9.5,8,RUSH,7,J.Jacobs,00-0035700,Josh Jacobs,"https://static.www.nfl.com/image/upload/f_auto,q_auto/league/ksdusqxnwqtnph0htcfx"
2994,10.1,8,RUSH,5,C.Brooks,00-0038685,Chris Brooks,"https://static.www.nfl.com/image/upload/f_auto,q_auto/league/uuahiqarbpnfv8xlihlu"
2914,11.4333333333333,8,RUSH,4,Em.Wilson,00-0038797,Emanuel Wilson,"https://static.www.nfl.com/image/upload/f_auto,q_auto/league/hpscbhsmjocm8kmwfbuc"
2772,13.8,8,RUSH,-2,J.Jacobs,00-0035700,Josh Jacobs,"https://static.www.nfl.com/image/upload/f_auto,q_auto/league/ksdusqxnwqtnph0htcfx"
2686,15.2333333333333,8,RUSH,-1,J.Jacobs,00-0035700,Josh Jacobs,"https://static.www.nfl.com/image/upload/f_auto,q_auto/league/ksdusqxnwqtnph0htcfx"
2576,17.0666666666667,8,RUSH,5,J.Jacobs,00-0035700,Josh Jacobs,"https://static.www.nfl.com/image/upload/f_auto,q_auto/league/ksdusqxnwqtnph0htcfx"
2541,17.65,8,RUSH,-1,C.Brooks,00-0038685,Chris Brooks,"https://static.www.nfl.com/image/upload/f_auto,q_auto/league/uuahiqarbpnfv8xlihlu"
2495,18.4166666666667,8,RUSH,3,J.Jacobs,00-0035700,Josh Jacobs,"https://static.www.nfl.com/image/upload/f_auto,q_auto/league/ksdusqxnwqtnph0htcfx"
2364,20.6,8,RUSH,4,J.Jacobs,00-0035700,Josh Jacobs,"https://static.www.nfl.com/image/upload/f_auto,q_auto/league/ksdusqxnwqtnph0htcfx"
2246,22.5666666666667,8,RUSH,0,Em.Wilson,00-0038797,Emanuel Wilson,"https://static.www.nfl.com/image/upload/f_auto,q_auto/league/hpscbhsmjocm8kmwfbuc"
1908,28.2,8,RUSH,4,C.Brooks,00-0038685,Chris Brooks,"https://static.www.nfl.com/image/upload/f_auto,q_auto/league/uuahiqarbpnfv8xlihlu"
1867,28.8833333333333,8,RUSH,4,J.Jacobs,00-0035700,Josh Jacobs,"https://static.www.nfl.com/image/upload/f_auto,q_auto/league/ksdusqxnwqtnph0htcfx"
1803,29.95,8,RUSH,-1,J.Love,00-0036264,Jordan Love,"https://static.www.nfl.com/image/upload/f_auto,q_auto/league/a8xqle2vmsnumawdhswb"
1670,32.1666666666667,8,RUSH,3,J.Jacobs,00-0035700,Josh Jacobs,"https://static.www.nfl.com/image/upload/f_auto,q_auto/league/ksdusqxnwqtnph0htcfx"
1589,33.5166666666667,8,RUSH,5,M.Willis,00-0038128,Malik Willis,"https://static.www.nfl.com/image/upload/f_auto,q_auto/league/e6w0hpe2pzefydmhqmr7"
1210,39.8333333333333,8,RUSH,5,J.Jacobs,00-0035700,Josh Jacobs,"https://static.www.nfl.com/image/upload/f_auto,q_auto/league/ksdusqxnwqtnph0htcfx"
1175,40.4166666666667,8,RUSH,4,J.Jacobs,00-0035700,Josh Jacobs,"https://static.www.nfl.com/image/upload/f_auto,q_auto/league/ksdusqxnwqtnph0htcfx"
1139,41.0166666666667,8,RUSH,2,J.Jacobs,00-0035700,Josh Jacobs,"https://static.www.nfl.com/image/upload/f_auto,q_auto/league/ksdusqxnwqtnph0htcfx"
1097,41.7166666666667,8,RUSH,5,J.Jacobs,00-0035700,Josh Jacobs,"https://static.www.nfl.com/image/upload/f_auto,q_auto/league/ksdusqxnwqtnph0htcfx"
1060,42.3333333333333,8,RUSH,1,Em.Wilson,00-0038797,Emanuel Wilson,"https://static.www.nfl.com/image/upload/f_auto,q_auto/league/hpscbhsmjocm8kmwfbuc"
973,43.7833333333333,8,RUSH,20,M.Willis,00-0038128,Malik Willis,"https://static.www.nfl.com/image/upload/f_auto,q_auto/league/e6w0hpe2pzefydmhqmr7"
931,44.4833333333333,8,RUSH,38,J.Jacobs,00-0035700,Josh Jacobs,"https://static.www.nfl.com/image/upload/f_auto,q_auto/league/ksdusqxnwqtnph0htcfx"
886,45.2333333333333,8,RUSH,2,J.Jacobs,00-0035700,Josh Jacobs,"https://static.www.nfl.com/image/upload/f_auto,q_auto/league/ksdusqxnwqtnph0htcfx"
785,46.9166666666667,8,RUSH,11,J.Jacobs,00-0035700,Josh Jacobs,"https://static.www.nfl.com/image/upload/f_auto,q_auto/league/ksdusqxnwqtnph0htcfx"
747,47.55,8,RUSH,8,J.Jacobs,00-0035700,Josh Jacobs,"https://static.www.nfl.com/image/upload/f_auto,q_auto/league/ksdusqxnwqtnph0htcfx"
710,48.1666666666667,8,RUSH,3,J.Jacobs,00-0035700,Josh Jacobs,"https://static.www.nfl.com/image/upload/f_auto,q_auto/league/ksdusqxnwqtnph0htcfx"
672,48.8,8,RUSH,0,Em.Wilson,00-0038797,Emanuel Wilson,"https://static.www.nfl.com/image/upload/f_auto,q_auto/league/hpscbhsmjocm8kmwfbuc"
336,54.4,8,RUSH,1,J.Jacobs,00-0035700,Josh Jacobs,"https://static.www.nfl.com/image/upload/f_auto,q_auto/league/ksdusqxnwqtnph0htcfx"
292,55.1333333333333,8,RUSH,2,J.Jacobs,00-0035700,Josh Jacobs,"https://static.www.nfl.com/image/upload/f_auto,q_auto/league/ksdusqxnwqtnph0htcfx"
108,58.2,8,RUSH,4,J.Jacobs,00-0035700,Josh Jacobs,"https://static.www.nfl.com/image/upload/f_auto,q_auto/league/ksdusqxnwqtnph0htcfx"
64,58.9333333333333,8,RUSH,3,J.Jacobs,00-0035700,Josh Jacobs,"https://static.www.nfl.com/image/upload/f_auto,q_auto/league/ksdusqxnwqtnph0htcfx"
59,59.0166666666667,8,RUSH,8,C.Brooks,00-0038685,Chris Brooks,"https://static.www.nfl.com/image/upload/f_auto,q_auto/league/uuahiqarbpnfv8xlihlu"
54,59.1,8,RUSH,-1,M.Willis,00-0038128,Malik Willis,"https://static.www.nfl.com/image/upload/f_auto,q_auto/league/e6w0hpe2pzefydmhqmr7"
24,59.6,8,RUSH,-1,M.Willis,00-0038128,Malik Willis,"https://static.www.nfl.com/image/upload/f_auto,q_auto/league/e6w0hpe2pzefydmhqmr7"
3596,0.06666666666667,9,RUSH,9,J.Jacobs,00-0035700,Josh Jacobs,"https://static.www.nfl.com/image/upload/f_auto,q_auto/league/ksdusqxnwqtnph0htcfx"
3557,0.716666666666669,9,RUSH,13,J.Jacobs,00-0035700,Josh Jacobs,"https://static.www.nfl.com/image/upload/f_auto,q_auto/league/ksdusqxnwqtnph0htcfx"
3483,1.95,9,RUSH,1,J.Jacobs,00-0035700,Josh Jacobs,"https://static.www.nfl.com/image/upload/f_auto,q_auto/league/ksdusqxnwqtnph0htcfx"
3406,3.23333333333333,9,RUSH,2,T.Kraft,00-0038996,Tucker Kraft,"https://static.www.nfl.com/image/upload/f_auto,q_auto/league/klrmgekdzx1ywjjmixp7"
3308,4.86666666666667,9,RUSH,0,J.Jacobs,00-0035700,Josh Jacobs,"https://static.www.nfl.com/image/upload/f_auto,q_auto/league/ksdusqxnwqtnph0htcfx"
3266,5.56666666666667,9,RUSH,11,J.Jacobs,00-0035700,Josh Jacobs,"https://static.www.nfl.com/image/upload/f_auto,q_auto/league/ksdusqxnwqtnph0htcfx"
3220,6.33333333333334,9,RUSH,1,J.Jacobs,00-0035700,Josh Jacobs,"https://static.www.nfl.com/image/upload/f_auto,q_auto/league/ksdusqxnwqtnph0htcfx"
3178,7.03333333333333,9,RUSH,4,C.Brooks,00-0038685,Chris Brooks,"https://static.www.nfl.com/image/upload/f_auto,q_auto/league/uuahiqarbpnfv8xlihlu"
2689,15.1833333333333,9,RUSH,37,J.Jacobs,00-0035700,Josh Jacobs,"https://static.www.nfl.com/image/upload/f_auto,q_auto/league/ksdusqxnwqtnph0htcfx"
2646,15.9,9,RUSH,4,J.Jacobs,00-0035700,Josh Jacobs,"https://static.www.nfl.com/image/upload/f_auto,q_auto/league/ksdusqxnwqtnph0htcfx"
2605,16.5833333333333,9,RUSH,3,Em.Wilson,00-0038797,Emanuel Wilson,"https://static.www.nfl.com/image/upload/f_auto,q_auto/league/hpscbhsmjocm8kmwfbuc"
2278,22.0333333333333,9,RUSH,8,J.Jacobs,00-0035700,Josh Jacobs,"https://static.www.nfl.com/image/upload/f_auto,q_auto/league/ksdusqxnwqtnph0htcfx"
2240,22.6666666666667,9,RUSH,5,J.Jacobs,00-0035700,Josh Jacobs,"https://static.www.nfl.com/image/upload/f_auto,q_auto/league/ksdusqxnwqtnph0htcfx"
1472,35.4666666666667,9,RUSH,3,J.Jacobs,00-0035700,Josh Jacobs,"https://static.www.nfl.com/image/upload/f_auto,q_auto/league/ksdusqxnwqtnph0htcfx"
1437,36.05,9,RUSH,4,Em.Wilson,00-0038797,Emanuel Wilson,"https://static.www.nfl.com/image/upload/f_auto,q_auto/league/hpscbhsmjocm8kmwfbuc"
1147,40.8833333333333,9,RUSH,3,J.Jacobs,00-0035700,Josh Jacobs,"https://static.www.nfl.com/image/upload/f_auto,q_auto/league/ksdusqxnwqtnph0htcfx"
1037,42.7166666666667,9,RUSH,0,J.Love,00-0036264,Jordan Love,"https://static.www.nfl.com/image/upload/f_auto,q_auto/league/a8xqle2vmsnumawdhswb"
991,43.4833333333333,9,RUSH,0,J.Love,00-0036264,Jordan Love,"https://static.www.nfl.com/image/upload/f_auto,q_auto/league/a8xqle2vmsnumawdhswb"
720,48.0,9,RUSH,0,J.Love,00-0036264,Jordan Love,"https://static.www.nfl.com/image/upload/f_auto,q_auto/league/a8xqle2vmsnumawdhswb"
651,49.15,9,RUSH,9,C.Brooks,00-0038685,Chris Brooks,"https://static.www.nfl.com/image/upload/f_auto,q_auto/league/uuahiqarbpnfv8xlihlu"
607,49.8833333333333,9,RUSH,0,J.Jacobs,00-0035700,Josh Jacobs,"https://static.www.nfl.com/image/upload/f_auto,q_auto/league/ksdusqxnwqtnph0htcfx"
335,54.4166666666667,9,RUSH,19,Em.Wilson,00-0038797,Emanuel Wilson,"https://static.www.nfl.com/image/upload/f_auto,q_auto/league/hpscbhsmjocm8kmwfbuc"
232,56.1333333333333,9,RUSH,2,Em.Wilson,00-0038797,Emanuel Wilson,"https://static.www.nfl.com/image/upload/f_auto,q_auto/league/hpscbhsmjocm8kmwfbuc"
3600,0.0,11,RUSH,1,J.Jacobs,00-0035700,Josh Jacobs,"https://static.www.nfl.com/image/upload/f_auto,q_auto/league/ksdusqxnwqtnph0htcfx"
3562,0.633333333333333,11,RUSH,10,J.Jacobs,00-0035700,Josh Jacobs,"https://static.www.nfl.com/image/upload/f_auto,q_auto/league/ksdusqxnwqtnph0htcfx"
3478,2.03333333333333,11,RUSH,8,J.Jacobs,00-0035700,Josh Jacobs,"https://static.www.nfl.com/image/upload/f_auto,q_auto/league/ksdusqxnwqtnph0htcfx"
3439,2.68333333333333,11,RUSH,6,J.Jacobs,00-0035700,Josh Jacobs,"https://static.www.nfl.com/image/upload/f_auto,q_auto/league/ksdusqxnwqtnph0htcfx"
3397,3.38333333333333,11,RUSH,13,Em.Wilson,00-0038797,Emanuel Wilson,"https://static.www.nfl.com/image/upload/f_auto,q_auto/league/hpscbhsmjocm8kmwfbuc"
3169,7.18333333333333,11,RUSH,5,J.Jacobs,00-0035700,Josh Jacobs,"https://static.www.nfl.com/image/upload/f_auto,q_auto/league/ksdusqxnwqtnph0htcfx"
3093,8.45,11,RUSH,-1,J.Jacobs,00-0035700,Josh Jacobs,"https://static.www.nfl.com/image/upload/f_auto,q_auto/league/ksdusqxnwqtnph0htcfx"
2608,16.5333333333333,11,RUSH,0,J.Jacobs,00-0035700,Josh Jacobs,"https://static.www.nfl.com/image/upload/f_auto,q_auto/league/ksdusqxnwqtnph0htcfx"
2569,17.1833333333333,11,RUSH,-1,J.Jacobs,00-0035700,Josh Jacobs,"https://static.www.nfl.com/image/upload/f_auto,q_auto/league/ksdusqxnwqtnph0htcfx"
2438,19.3666666666667,11,RUSH,3,J.Jacobs,00-0035700,Josh Jacobs,"https://static.www.nfl.com/image/upload/f_auto,q_auto/league/ksdusqxnwqtnph0htcfx"
2346,20.9,11,RUSH,2,J.Jacobs,00-0035700,Josh Jacobs,"https://static.www.nfl.com/image/upload/f_auto,q_auto/league/ksdusqxnwqtnph0htcfx"
2252,22.4666666666667,11,RUSH,9,J.Jacobs,00-0035700,Josh Jacobs,"https://static.www.nfl.com/image/upload/f_auto,q_auto/league/ksdusqxnwqtnph0htcfx"
2203,23.2833333333333,11,RUSH,-5,J.Reed,00-0039146,Jayden Reed,"https://static.www.nfl.com/image/upload/f_auto,q_auto/league/blh2tfg9qjthqo2g6ot4"
1801,29.9833333333333,11,RUSH,-1,J.Love,00-0036264,Jordan Love,"https://static.www.nfl.com/image/upload/f_auto,q_auto/league/a8xqle2vmsnumawdhswb"
1517,34.7166666666667,11,RUSH,3,J.Jacobs,00-0035700,Josh Jacobs,"https://static.www.nfl.com/image/upload/f_auto,q_auto/league/ksdusqxnwqtnph0htcfx"
1420,36.3333333333333,11,RUSH,4,Em.Wilson,00-0038797,Emanuel Wilson,"https://static.www.nfl.com/image/upload/f_auto,q_auto/league/hpscbhsmjocm8kmwfbuc"
1381,36.9833333333333,11,RUSH,5,J.Jacobs,00-0035700,Josh Jacobs,"https://static.www.nfl.com/image/upload/f_auto,q_auto/league/ksdusqxnwqtnph0htcfx"
1298,38.3666666666667,11,RUSH,7,J.Jacobs,00-0035700,Josh Jacobs,"https://static.www.nfl.com/image/upload/f_auto,q_auto/league/ksdusqxnwqtnph0htcfx"
900,45.0,11,RUSH,12,J.Jacobs,00-0035700,Josh Jacobs,"https://static.www.nfl.com/image/upload/f_auto,q_auto/league/ksdusqxnwqtnph0htcfx"
813,46.45,11,RUSH,-1,J.Jacobs,00-0035700,Josh Jacobs,"https://static.www.nfl.com/image/upload/f_auto,q_auto/league/ksdusqxnwqtnph0htcfx"
774,47.1,11,RUSH,4,J.Jacobs,00-0035700,Josh Jacobs,"https://static.www.nfl.com/image/upload/f_auto,q_auto/league/ksdusqxnwqtnph0htcfx"
689,48.5166666666667,11,RUSH,5,J.Love,00-0036264,Jordan Love,"https://static.www.nfl.com/image/upload/f_auto,q_auto/league/a8xqle2vmsnumawdhswb"
257,55.7166666666667,11,RUSH,4,J.Jacobs,00-0035700,Josh Jacobs,"https://static.www.nfl.com/image/upload/f_auto,q_auto/league/ksdusqxnwqtnph0htcfx"
192,56.8,11,RUSH,13,J.Love,00-0036264,Jordan Love,"https://static.www.nfl.com/image/upload/f_auto,q_auto/league/a8xqle2vmsnumawdhswb"
182,56.9666666666667,11,RUSH,1,J.Love,00-0036264,Jordan Love,"https://static.www.nfl.com/image/upload/f_auto,q_auto/league/a8xqle2vmsnumawdhswb"
3593,0.116666666666667,12,RUSH,18,J.Jacobs,00-0035700,Josh Jacobs,"https://static.www.nfl.com/image/upload/f_auto,q_auto/league/ksdusqxnwqtnph0htcfx"
3550,0.833333333333336,12,RUSH,2,J.Jacobs,00-0035700,Josh Jacobs,"https://static.www.nfl.com/image/upload/f_auto,q_auto/league/ksdusqxnwqtnph0htcfx"
3512,1.46666666666667,12,RUSH,10,J.Jacobs,00-0035700,Josh Jacobs,"https://static.www.nfl.com/image/upload/f_auto,q_auto/league/ksdusqxnwqtnph0htcfx"
3471,2.15,12,RUSH,0,J.Jacobs,00-0035700,Josh Jacobs,"https://static.www.nfl.com/image/upload/f_auto,q_auto/league/ksdusqxnwqtnph0htcfx"
3354,4.1,12,RUSH,8,J.Jacobs,00-0035700,Josh Jacobs,"https://static.www.nfl.com/image/upload/f_auto,q_auto/league/ksdusqxnwqtnph0htcfx"
3313,4.78333333333333,12,RUSH,1,J.Jacobs,00-0035700,Josh Jacobs,"https://static.www.nfl.com/image/upload/f_auto,q_auto/league/ksdusqxnwqtnph0htcfx"
3266,5.56666666666667,12,RUSH,1,Em.Wilson,00-0038797,Emanuel Wilson,"https://static.www.nfl.com/image/upload/f_auto,q_auto/league/hpscbhsmjocm8kmwfbuc"
2960,10.6666666666667,12,RUSH,7,J.Jacobs,00-0035700,Josh Jacobs,"https://static.www.nfl.com/image/upload/f_auto,q_auto/league/ksdusqxnwqtnph0htcfx"
2918,11.3666666666667,12,RUSH,3,J.Jacobs,00-0035700,Josh Jacobs,"https://static.www.nfl.com/image/upload/f_auto,q_auto/league/ksdusqxnwqtnph0htcfx"
2878,12.0333333333333,12,RUSH,8,J.Jacobs,00-0035700,Josh Jacobs,"https://static.www.nfl.com/image/upload/f_auto,q_auto/league/ksdusqxnwqtnph0htcfx"
2851,12.4833333333333,12,RUSH,9,Em.Wilson,00-0038797,Emanuel Wilson,"https://static.www.nfl.com/image/upload/f_auto,q_auto/league/hpscbhsmjocm8kmwfbuc"
2807,13.2166666666667,12,RUSH,19,Em.Wilson,00-0038797,Emanuel Wilson,"https://static.www.nfl.com/image/upload/f_auto,q_auto/league/hpscbhsmjocm8kmwfbuc"
2768,13.8666666666667,12,RUSH,1,J.Jacobs,00-0035700,Josh Jacobs,"https://static.www.nfl.com/image/upload/f_auto,q_auto/league/ksdusqxnwqtnph0htcfx"
2609,16.5166666666667,12,RUSH,5,B.Melton,00-0037091,Bo Melton,"https://static.www.nfl.com/image/upload/f_auto,q_auto/league/bhmhwurwugjmymgjforf"
2577,17.05,12,RUSH,-1,J.Jacobs,00-0035700,Josh Jacobs,"https://static.www.nfl.com/image/upload/f_auto,q_auto/league/ksdusqxnwqtnph0htcfx"
2479,18.6833333333333,12,RUSH,5,J.Jacobs,00-0035700,Josh Jacobs,"https://static.www.nfl.com/image/upload/f_auto,q_auto/league/ksdusqxnwqtnph0htcfx"
2393,20.1166666666667,12,RUSH,1,J.Jacobs,00-0035700,Josh Jacobs,"https://static.www.nfl.com/image/upload/f_auto,q_auto/league/ksdusqxnwqtnph0htcfx"
2354,20.7666666666667,12,RUSH,-1,J.Jacobs,00-0035700,Josh Jacobs,"https://static.www.nfl.com/image/upload/f_auto,q_auto/league/ksdusqxnwqtnph0htcfx"
2273,22.1166666666667,12,RUSH,3,J.Jacobs,00-0035700,Josh Jacobs,"https://static.www.nfl.com/image/upload/f_auto,q_auto/league/ksdusqxnwqtnph0htcfx"
2235,22.75,12,RUSH,4,J.Jacobs,00-0035700,Josh Jacobs,"https://static.www.nfl.com/image/upload/f_auto,q_auto/league/ksdusqxnwqtnph0htcfx"
2197,23.3833333333333,12,RUSH,1,J.Jacobs,00-0035700,Josh Jacobs,"https://static.www.nfl.com/image/upload/f_auto,q_auto/league/ksdusqxnwqtnph0htcfx"
1862,28.9666666666667,12,RUSH,8,J.Jacobs,00-0035700,Josh Jacobs,"https://static.www.nfl.com/image/upload/f_auto,q_auto/league/ksdusqxnwqtnph0htcfx"
1844,29.2666666666667,12,RUSH,13,J.Jacobs,00-0035700,Josh Jacobs,"https://static.www.nfl.com/image/upload/f_auto,q_auto/league/ksdusqxnwqtnph0htcfx"
1547,34.2166666666667,12,RUSH,3,J.Jacobs,00-0035700,Josh Jacobs,"https://static.www.nfl.com/image/upload/f_auto,q_auto/league/ksdusqxnwqtnph0htcfx"
1249,39.1833333333333,12,RUSH,4,C.Watson,00-0038124,Christian Watson,"https://static.www.nfl.com/image/upload/f_auto,q_auto/league/qenktpex0mep8er8dzxj"
1216,39.7333333333333,12,RUSH,4,J.Jacobs,00-0035700,Josh Jacobs,"https://static.www.nfl.com/image/upload/f_auto,q_auto/league/ksdusqxnwqtnph0htcfx"
1172,40.4666666666667,12,RUSH,1,J.Jacobs,00-0035700,Josh Jacobs,"https://static.www.nfl.com/image/upload/f_auto,q_auto/league/ksdusqxnwqtnph0htcfx"
885,45.25,12,RUSH,5,J.Jacobs,00-0035700,Josh Jacobs,"https://static.www.nfl.com/image/upload/f_auto,q_auto/league/ksdusqxnwqtnph0htcfx"
844,45.9333333333333,12,RUSH,1,J.Jacobs,00-0035700,Josh Jacobs,"https://static.www.nfl.com/image/upload/f_auto,q_auto/league/ksdusqxnwqtnph0htcfx"
708,48.2,12,RUSH,0,J.Jacobs,00-0035700,Josh Jacobs,"https://static.www.nfl.com/image/upload/f_auto,q_auto/league/ksdusqxnwqtnph0htcfx"
663,48.95,12,RUSH,1,J.Jacobs,00-0035700,Josh Jacobs,"https://static.www.nfl.com/image/upload/f_auto,q_auto/league/ksdusqxnwqtnph0htcfx"
651,49.15,12,RUSH,-1,Em.Wilson,00-0038797,Emanuel Wilson,"https://static.www.nfl.com/image/upload/f_auto,q_auto/league/hpscbhsmjocm8kmwfbuc"
559,50.6833333333333,12,RUSH,2,C.Brooks,00-0038685,Chris Brooks,"https://static.www.nfl.com/image/upload/f_auto,q_auto/league/uuahiqarbpnfv8xlihlu"
474,52.1,12,RUSH,3,C.Brooks,00-0038685,Chris Brooks,"https://static.www.nfl.com/image/upload/f_auto,q_auto/league/uuahiqarbpnfv8xlihlu"
431,52.8166666666667,12,RUSH,5,C.Brooks,00-0038685,Chris Brooks,"https://static.www.nfl.com/image/upload/f_auto,q_auto/league/uuahiqarbpnfv8xlihlu"
386,53.5666666666667,12,RUSH,1,C.Brooks,00-0038685,Chris Brooks,"https://static.www.nfl.com/image/upload/f_auto,q_auto/league/uuahiqarbpnfv8xlihlu"
340,54.3333333333333,12,RUSH,2,J.Love,00-0036264,Jordan Love,"https://static.www.nfl.com/image/upload/f_auto,q_auto/league/a8xqle2vmsnumawdhswb"
295,55.0833333333333,12,RUSH,4,Em.Wilson,00-0038797,Emanuel Wilson,"https://static.www.nfl.com/image/upload/f_auto,q_auto/league/hpscbhsmjocm8kmwfbuc"
199,56.6833333333333,12,RUSH,1,Em.Wilson,00-0038797,Emanuel Wilson,"https://static.www.nfl.com/image/upload/f_auto,q_auto/league/hpscbhsmjocm8kmwfbuc"
158,57.3666666666667,12,RUSH,7,Em.Wilson,00-0038797,Emanuel Wilson,"https://static.www.nfl.com/image/upload/f_auto,q_auto/league/hpscbhsmjocm8kmwfbuc"
120,58.0,12,RUSH,0,Em.Wilson,00-0038797,Emanuel Wilson,"https://static.www.nfl.com/image/upload/f_auto,q_auto/league/hpscbhsmjocm8kmwfbuc"
78,58.7,12,RUSH,1,Em.Wilson,00-0038797,Emanuel Wilson,"https://static.www.nfl.com/image/upload/f_auto,q_auto/league/hpscbhsmjocm8kmwfbuc"
3593,0.116666666666667,13,RUSH,1,J.Jacobs,00-0035700,Josh Jacobs,"https://static.www.nfl.com/image/upload/f_auto,q_auto/league/ksdusqxnwqtnph0htcfx"
3510,1.5,13,RUSH,6,J.Jacobs,00-0035700,Josh Jacobs,"https://static.www.nfl.com/image/upload/f_auto,q_auto/league/ksdusqxnwqtnph0htcfx"
3468,2.2,13,RUSH,0,J.Jacobs,00-0035700,Josh Jacobs,"https://static.www.nfl.com/image/upload/f_auto,q_auto/league/ksdusqxnwqtnph0htcfx"
3134,7.76666666666667,13,RUSH,2,J.Jacobs,00-0035700,Josh Jacobs,"https://static.www.nfl.com/image/upload/f_auto,q_auto/league/ksdusqxnwqtnph0htcfx"
3015,9.75,13,RUSH,2,J.Jacobs,00-0035700,Josh Jacobs,"https://static.www.nfl.com/image/upload/f_auto,q_auto/league/ksdusqxnwqtnph0htcfx"
2975,10.4166666666667,13,RUSH,11,J.Jacobs,00-0035700,Josh Jacobs,"https://static.www.nfl.com/image/upload/f_auto,q_auto/league/ksdusqxnwqtnph0htcfx"
2931,11.15,13,RUSH,1,J.Jacobs,00-0035700,Josh Jacobs,"https://static.www.nfl.com/image/upload/f_auto,q_auto/league/ksdusqxnwqtnph0htcfx"
2889,11.85,13,RUSH,5,Em.Wilson,00-0038797,Emanuel Wilson,"https://static.www.nfl.com/image/upload/f_auto,q_auto/league/hpscbhsmjocm8kmwfbuc"
2845,12.5833333333333,13,RUSH,15,Em.Wilson,00-0038797,Emanuel Wilson,"https://static.www.nfl.com/image/upload/f_auto,q_auto/league/hpscbhsmjocm8kmwfbuc"
2800,13.3333333333333,13,RUSH,6,J.Jacobs,00-0035700,Josh Jacobs,"https://static.www.nfl.com/image/upload/f_auto,q_auto/league/ksdusqxnwqtnph0htcfx"
2759,14.0166666666667,13,RUSH,1,J.Jacobs,00-0035700,Josh Jacobs,"https://static.www.nfl.com/image/upload/f_auto,q_auto/league/ksdusqxnwqtnph0htcfx"
2318,21.3666666666667,13,RUSH,23,J.Reed,00-0039146,Jayden Reed,"https://static.www.nfl.com/image/upload/f_auto,q_auto/league/blh2tfg9qjthqo2g6ot4"
2250,22.5,13,RUSH,0,J.Jacobs,00-0035700,Josh Jacobs,"https://static.www.nfl.com/image/upload/f_auto,q_auto/league/ksdusqxnwqtnph0htcfx"
1945,27.5833333333333,13,RUSH,18,C.Brooks,00-0038685,Chris Brooks,"https://static.www.nfl.com/image/upload/f_auto,q_auto/league/uuahiqarbpnfv8xlihlu"
1913,28.1166666666667,13,RUSH,3,J.Jacobs,00-0035700,Josh Jacobs,"https://static.www.nfl.com/image/upload/f_auto,q_auto/league/ksdusqxnwqtnph0htcfx"
1808,29.8666666666667,13,RUSH,8,C.Brooks,00-0038685,Chris Brooks,"https://static.www.nfl.com/image/upload/f_auto,q_auto/league/uuahiqarbpnfv8xlihlu"
1672,32.1333333333333,13,RUSH,3,J.Jacobs,00-0035700,Josh Jacobs,"https://static.www.nfl.com/image/upload/f_auto,q_auto/league/ksdusqxnwqtnph0htcfx"
1634,32.7666666666667,13,RUSH,1,J.Jacobs,00-0035700,Josh Jacobs,"https://static.www.nfl.com/image/upload/f_auto,q_auto/league/ksdusqxnwqtnph0htcfx"
1496,35.0666666666667,13,RUSH,2,C.Brooks,00-0038685,Chris Brooks,"https://static.www.nfl.com/image/upload/f_auto,q_auto/league/uuahiqarbpnfv8xlihlu"
983,43.6166666666667,13,RUSH,-2,J.Jacobs,00-0035700,Josh Jacobs,"https://static.www.nfl.com/image/upload/f_auto,q_auto/league/ksdusqxnwqtnph0htcfx"
573,50.45,13,RUSH,4,J.Jacobs,00-0035700,Josh Jacobs,"https://static.www.nfl.com/image/upload/f_auto,q_auto/league/ksdusqxnwqtnph0htcfx"
375,53.75,13,RUSH,2,J.Jacobs,00-0035700,Josh Jacobs,"https://static.www.nfl.com/image/upload/f_auto,q_auto/league/ksdusqxnwqtnph0htcfx"
332,54.4666666666667,13,RUSH,3,J.Jacobs,00-0035700,Josh Jacobs,"https://static.www.nfl.com/image/upload/f_auto,q_auto/league/ksdusqxnwqtnph0htcfx"
183,56.95,13,RUSH,2,J.Jacobs,00-0035700,Josh Jacobs,"https://static.www.nfl.com/image/upload/f_auto,q_auto/league/ksdusqxnwqtnph0htcfx"
177,57.05,13,RUSH,-3,J.Jacobs,00-0035700,Josh Jacobs,"https://static.www.nfl.com/image/upload/f_auto,q_auto/league/ksdusqxnwqtnph0htcfx"
3237,6.05,14,RUSH,8,J.Love,00-0036264,Jordan Love,"https://static.www.nfl.com/image/upload/f_auto,q_auto/league/a8xqle2vmsnumawdhswb"
3188,6.86666666666667,14,RUSH,1,J.Jacobs,00-0035700,Josh Jacobs,"https://static.www.nfl.com/image/upload/f_auto,q_auto/league/ksdusqxnwqtnph0htcfx"
2981,10.3166666666667,14,RUSH,5,J.Jacobs,00-0035700,Josh Jacobs,"https://static.www.nfl.com/image/upload/f_auto,q_auto/league/ksdusqxnwqtnph0htcfx"
2735,14.4166666666667,14,RUSH,7,J.Jacobs,00-0035700,Josh Jacobs,"https://static.www.nfl.com/image/upload/f_auto,q_auto/league/ksdusqxnwqtnph0htcfx"
2581,16.9833333333333,14,RUSH,4,J.Jacobs,00-0035700,Josh Jacobs,"https://static.www.nfl.com/image/upload/f_auto,q_auto/league/ksdusqxnwqtnph0htcfx"
2544,17.6,14,RUSH,19,J.Jacobs,00-0035700,Josh Jacobs,"https://static.www.nfl.com/image/upload/f_auto,q_auto/league/ksdusqxnwqtnph0htcfx"
2501,18.3166666666667,14,RUSH,7,Em.Wilson,00-0038797,Emanuel Wilson,"https://static.www.nfl.com/image/upload/f_auto,q_auto/league/hpscbhsmjocm8kmwfbuc"
2456,19.0666666666667,14,RUSH,3,C.Brooks,00-0038685,Chris Brooks,"https://static.www.nfl.com/image/upload/f_auto,q_auto/league/uuahiqarbpnfv8xlihlu"
2397,20.05,14,RUSH,2,J.Jacobs,00-0035700,Josh Jacobs,"https://static.www.nfl.com/image/upload/f_auto,q_auto/league/ksdusqxnwqtnph0htcfx"
2357,20.7166666666667,14,RUSH,5,J.Jacobs,00-0035700,Josh Jacobs,"https://static.www.nfl.com/image/upload/f_auto,q_auto/league/ksdusqxnwqtnph0htcfx"
2262,22.3,14,RUSH,14,J.Love,00-0036264,Jordan Love,"https://static.www.nfl.com/image/upload/f_auto,q_auto/league/a8xqle2vmsnumawdhswb"
2201,23.3166666666667,14,RUSH,5,J.Jacobs,00-0035700,Josh Jacobs,"https://static.www.nfl.com/image/upload/f_auto,q_auto/league/ksdusqxnwqtnph0htcfx"
2138,24.3666666666667,14,RUSH,1,J.Jacobs,00-0035700,Josh Jacobs,"https://static.www.nfl.com/image/upload/f_auto,q_auto/league/ksdusqxnwqtnph0htcfx"
1811,29.8166666666667,14,RUSH,-1,J.Love,00-0036264,Jordan Love,"https://static.www.nfl.com/image/upload/f_auto,q_auto/league/a8xqle2vmsnumawdhswb"
1800,30.0,14,RUSH,-1,J.Jacobs,00-0035700,Josh Jacobs,"https://static.www.nfl.com/image/upload/f_auto,q_auto/league/ksdusqxnwqtnph0htcfx"
1641,32.65,14,RUSH,2,J.Jacobs,00-0035700,Josh Jacobs,"https://static.www.nfl.com/image/upload/f_auto,q_auto/league/ksdusqxnwqtnph0htcfx"
1581,33.65,14,RUSH,6,J.Jacobs,00-0035700,Josh Jacobs,"https://static.www.nfl.com/image/upload/f_auto,q_auto/league/ksdusqxnwqtnph0htcfx"
1194,40.1,14,RUSH,1,J.Jacobs,00-0035700,Josh Jacobs,"https://static.www.nfl.com/image/upload/f_auto,q_auto/league/ksdusqxnwqtnph0htcfx"
986,43.5666666666667,14,RUSH,3,J.Jacobs,00-0035700,Josh Jacobs,"https://static.www.nfl.com/image/upload/f_auto,q_auto/league/ksdusqxnwqtnph0htcfx"
864,45.6,14,RUSH,4,J.Jacobs,00-0035700,Josh Jacobs,"https://static.www.nfl.com/image/upload/f_auto,q_auto/league/ksdusqxnwqtnph0htcfx"
519,51.35,14,RUSH,1,J.Jacobs,00-0035700,Josh Jacobs,"https://static.www.nfl.com/image/upload/f_auto,q_auto/league/ksdusqxnwqtnph0htcfx"
433,52.7833333333333,14,RUSH,0,J.Jacobs,00-0035700,Josh Jacobs,"https://static.www.nfl.com/image/upload/f_auto,q_auto/league/ksdusqxnwqtnph0htcfx"
322,54.6333333333333,14,RUSH,1,J.Jacobs,00-0035700,Josh Jacobs,"https://static.www.nfl.com/image/upload/f_auto,q_auto/league/ksdusqxnwqtnph0htcfx"
265,55.5833333333333,14,RUSH,2,J.Love,00-0036264,Jordan Love,"https://static.www.nfl.com/image/upload/f_auto,q_auto/league/a8xqle2vmsnumawdhswb"
3532,1.13333333333333,15,RUSH,3,J.Jacobs,00-0035700,Josh Jacobs,"https://static.www.nfl.com/image/upload/f_auto,q_auto/league/ksdusqxnwqtnph0htcfx"
3497,1.71666666666667,15,RUSH,4,J.Jacobs,00-0035700,Josh Jacobs,"https://static.www.nfl.com/image/upload/f_auto,q_auto/league/ksdusqxnwqtnph0htcfx"
3471,2.15,15,RUSH,5,J.Jacobs,00-0035700,Josh Jacobs,"https://static.www.nfl.com/image/upload/f_auto,q_auto/league/ksdusqxnwqtnph0htcfx"
3430,2.83333333333334,15,RUSH,8,J.Jacobs,00-0035700,Josh Jacobs,"https://static.www.nfl.com/image/upload/f_auto,q_auto/league/ksdusqxnwqtnph0htcfx"
3388,3.53333333333333,15,RUSH,5,J.Jacobs,00-0035700,Josh Jacobs,"https://static.www.nfl.com/image/upload/f_auto,q_auto/league/ksdusqxnwqtnph0htcfx"
3348,4.2,15,RUSH,1,J.Jacobs,00-0035700,Josh Jacobs,"https://static.www.nfl.com/image/upload/f_auto,q_auto/league/ksdusqxnwqtnph0htcfx"
3304,4.93333333333333,15,RUSH,4,J.Love,00-0036264,Jordan Love,"https://static.www.nfl.com/image/upload/f_auto,q_auto/league/a8xqle2vmsnumawdhswb"
3263,5.61666666666667,15,RUSH,1,J.Jacobs,00-0035700,Josh Jacobs,"https://static.www.nfl.com/image/upload/f_auto,q_auto/league/ksdusqxnwqtnph0htcfx"
3023,9.61666666666667,15,RUSH,1,Em.Wilson,00-0038797,Emanuel Wilson,"https://static.www.nfl.com/image/upload/f_auto,q_auto/league/hpscbhsmjocm8kmwfbuc"
2979,10.35,15,RUSH,19,J.Jacobs,00-0035700,Josh Jacobs,"https://static.www.nfl.com/image/upload/f_auto,q_auto/league/ksdusqxnwqtnph0htcfx"
2938,11.0333333333333,15,RUSH,9,J.Reed,00-0039146,Jayden Reed,"https://static.www.nfl.com/image/upload/f_auto,q_auto/league/blh2tfg9qjthqo2g6ot4"
2899,11.6833333333333,15,RUSH,6,C.Brooks,00-0038685,Chris Brooks,"https://static.www.nfl.com/image/upload/f_auto,q_auto/league/uuahiqarbpnfv8xlihlu"
2535,17.75,15,RUSH,1,J.Jacobs,00-0035700,Josh Jacobs,"https://static.www.nfl.com/image/upload/f_auto,q_auto/league/ksdusqxnwqtnph0htcfx"
2457,19.05,15,RUSH,2,J.Jacobs,00-0035700,Josh Jacobs,"https://static.www.nfl.com/image/upload/f_auto,q_auto/league/ksdusqxnwqtnph0htcfx"
2415,19.75,15,RUSH,2,J.Jacobs,00-0035700,Josh Jacobs,"https://static.www.nfl.com/image/upload/f_auto,q_auto/league/ksdusqxnwqtnph0htcfx"
1954,27.4333333333333,15,RUSH,5,J.Jacobs,00-0035700,Josh Jacobs,"https://static.www.nfl.com/image/upload/f_auto,q_auto/league/ksdusqxnwqtnph0htcfx"
1920,28.0,15,RUSH,9,J.Jacobs,00-0035700,Josh Jacobs,"https://static.www.nfl.com/image/upload/f_auto,q_auto/league/ksdusqxnwqtnph0htcfx"
1896,28.4,15,RUSH,8,J.Jacobs,00-0035700,Josh Jacobs,"https://static.www.nfl.com/image/upload/f_auto,q_auto/league/ksdusqxnwqtnph0htcfx"
1482,35.3,15,RUSH,1,J.Jacobs,00-0035700,Josh Jacobs,"https://static.www.nfl.com/image/upload/f_auto,q_auto/league/ksdusqxnwqtnph0htcfx"
1417,36.3833333333333,15,RUSH,-3,J.Jacobs,00-0035700,Josh Jacobs,"https://static.www.nfl.com/image/upload/f_auto,q_auto/league/ksdusqxnwqtnph0htcfx"
1274,38.7666666666667,15,RUSH,-3,J.Jacobs,00-0035700,Josh Jacobs,"https://static.www.nfl.com/image/upload/f_auto,q_auto/league/ksdusqxnwqtnph0htcfx"
1143,40.95,15,RUSH,5,J.Reed,00-0039146,Jayden Reed,"https://static.www.nfl.com/image/upload/f_auto,q_auto/league/blh2tfg9qjthqo2g6ot4"
1106,41.5666666666667,15,RUSH,0,J.Jacobs,00-0035700,Josh Jacobs,"https://static.www.nfl.com/image/upload/f_auto,q_auto/league/ksdusqxnwqtnph0htcfx"
890,45.1666666666667,15,RUSH,3,J.Jacobs,00-0035700,Josh Jacobs,"https://static.www.nfl.com/image/upload/f_auto,q_auto/league/ksdusqxnwqtnph0htcfx"
773,47.1166666666667,15,RUSH,6,J.Jacobs,00-0035700,Josh Jacobs,"https://static.www.nfl.com/image/upload/f_auto,q_auto/league/ksdusqxnwqtnph0htcfx"
671,48.8166666666667,15,RUSH,4,J.Jacobs,00-0035700,Josh Jacobs,"https://static.www.nfl.com/image/upload/f_auto,q_auto/league/ksdusqxnwqtnph0htcfx"
528,51.2,15,RUSH,13,J.Reed,00-0039146,Jayden Reed,"https://static.www.nfl.com/image/upload/f_auto,q_auto/league/blh2tfg9qjthqo2g6ot4"
443,52.6166666666667,15,RUSH,4,J.Jacobs,00-0035700,Josh Jacobs,"https://static.www.nfl.com/image/upload/f_auto,q_auto/league/ksdusqxnwqtnph0htcfx"
400,53.3333333333333,15,RUSH,4,J.Jacobs,00-0035700,Josh Jacobs,"https://static.www.nfl.com/image/upload/f_auto,q_auto/league/ksdusqxnwqtnph0htcfx"
355,54.0833333333333,15,RUSH,0,J.Jacobs,00-0035700,Josh Jacobs,"https://static.www.nfl.com/image/upload/f_auto,q_auto/league/ksdusqxnwqtnph0htcfx"
317,54.7166666666667,15,RUSH,4,J.Jacobs,00-0035700,Josh Jacobs,"https://static.www.nfl.com/image/upload/f_auto,q_auto/league/ksdusqxnwqtnph0htcfx"
309,54.85,15,RUSH,1,J.Jacobs,00-0035700,Josh Jacobs,"https://static.www.nfl.com/image/upload/f_auto,q_auto/league/ksdusqxnwqtnph0htcfx"
198,56.7,15,RUSH,4,Em.Wilson,00-0038797,Emanuel Wilson,"https://static.www.nfl.com/image/upload/f_auto,q_auto/league/hpscbhsmjocm8kmwfbuc"
154,57.4333333333333,15,RUSH,4,Em.Wilson,00-0038797,Emanuel Wilson,"https://static.www.nfl.com/image/upload/f_auto,q_auto/league/hpscbhsmjocm8kmwfbuc"
3595,0.0833333333333357,16,RUSH,5,J.Reed,00-0039146,Jayden Reed,"https://static.www.nfl.com/image/upload/f_auto,q_auto/league/blh2tfg9qjthqo2g6ot4"
3557,0.716666666666669,16,RUSH,-1,J.Jacobs,00-0035700,Josh Jacobs,"https://static.www.nfl.com/image/upload/f_auto,q_auto/league/ksdusqxnwqtnph0htcfx"
3507,1.55,16,RUSH,3,J.Jacobs,00-0035700,Josh Jacobs,"https://static.www.nfl.com/image/upload/f_auto,q_auto/league/ksdusqxnwqtnph0htcfx"
3469,2.18333333333333,16,RUSH,7,J.Jacobs,00-0035700,Josh Jacobs,"https://static.www.nfl.com/image/upload/f_auto,q_auto/league/ksdusqxnwqtnph0htcfx"
3343,4.28333333333333,16,RUSH,20,J.Jacobs,00-0035700,Josh Jacobs,"https://static.www.nfl.com/image/upload/f_auto,q_auto/league/ksdusqxnwqtnph0htcfx"
3302,4.96666666666667,16,RUSH,0,J.Jacobs,00-0035700,Josh Jacobs,"https://static.www.nfl.com/image/upload/f_auto,q_auto/league/ksdusqxnwqtnph0htcfx"
3032,9.46666666666667,16,RUSH,4,J.Jacobs,00-0035700,Josh Jacobs,"https://static.www.nfl.com/image/upload/f_auto,q_auto/league/ksdusqxnwqtnph0htcfx"
2973,10.45,16,RUSH,2,T.Kraft,00-0038996,Tucker Kraft,"https://static.www.nfl.com/image/upload/f_auto,q_auto/league/klrmgekdzx1ywjjmixp7"
2893,11.7833333333333,16,RUSH,3,J.Jacobs,00-0035700,Josh Jacobs,"https://static.www.nfl.com/image/upload/f_auto,q_auto/league/ksdusqxnwqtnph0htcfx"
2744,14.2666666666667,16,RUSH,1,Em.Wilson,00-0038797,Emanuel Wilson,"https://static.www.nfl.com/image/upload/f_auto,q_auto/league/hpscbhsmjocm8kmwfbuc"
2700,15.0,16,RUSH,2,J.Love,00-0036264,Jordan Love,"https://static.www.nfl.com/image/upload/f_auto,q_auto/league/a8xqle2vmsnumawdhswb"
2661,15.65,16,RUSH,3,J.Jacobs,00-0035700,Josh Jacobs,"https://static.www.nfl.com/image/upload/f_auto,q_auto/league/ksdusqxnwqtnph0htcfx"
2530,17.8333333333333,16,RUSH,12,J.Jacobs,00-0035700,Josh Jacobs,"https://static.www.nfl.com/image/upload/f_auto,q_auto/league/ksdusqxnwqtnph0htcfx"
2507,18.2166666666667,16,RUSH,2,J.Jacobs,00-0035700,Josh Jacobs,"https://static.www.nfl.com/image/upload/f_auto,q_auto/league/ksdusqxnwqtnph0htcfx"
2365,20.5833333333333,16,RUSH,9,C.Watson,00-0038124,Christian Watson,"https://static.www.nfl.com/image/upload/f_auto,q_auto/league/qenktpex0mep8er8dzxj"
2278,22.0333333333333,16,RUSH,8,Em.Wilson,00-0038797,Emanuel Wilson,"https://static.www.nfl.com/image/upload/f_auto,q_auto/league/hpscbhsmjocm8kmwfbuc"
2237,22.7166666666667,16,RUSH,14,C.Watson,00-0038124,Christian Watson,"https://static.www.nfl.com/image/upload/f_auto,q_auto/league/qenktpex0mep8er8dzxj"
2192,23.4666666666667,16,RUSH,1,C.Brooks,00-0038685,Chris Brooks,"https://static.www.nfl.com/image/upload/f_auto,q_auto/league/uuahiqarbpnfv8xlihlu"
1634,32.7666666666667,16,RUSH,5,J.Jacobs,00-0035700,Josh Jacobs,"https://static.www.nfl.com/image/upload/f_auto,q_auto/league/ksdusqxnwqtnph0htcfx"
1594,33.4333333333333,16,RUSH,14,B.Melton,00-0037091,Bo Melton,"https://static.www.nfl.com/image/upload/f_auto,q_auto/league/bhmhwurwugjmymgjforf"
1557,34.05,16,RUSH,9,J.Jacobs,00-0035700,Josh Jacobs,"https://static.www.nfl.com/image/upload/f_auto,q_auto/league/ksdusqxnwqtnph0htcfx"
1516,34.7333333333333,16,RUSH,2,J.Jacobs,00-0035700,Josh Jacobs,"https://static.www.nfl.com/image/upload/f_auto,q_auto/league/ksdusqxnwqtnph0htcfx"
1472,35.4666666666667,16,RUSH,8,C.Brooks,00-0038685,Chris Brooks,"https://static.www.nfl.com/image/upload/f_auto,q_auto/league/uuahiqarbpnfv8xlihlu"
1429,36.1833333333333,16,RUSH,5,C.Brooks,00-0038685,Chris Brooks,"https://static.www.nfl.com/image/upload/f_auto,q_auto/league/uuahiqarbpnfv8xlihlu"
1024,42.9333333333333,16,RUSH,17,Em.Wilson,00-0038797,Emanuel Wilson,"https://static.www.nfl.com/image/upload/f_auto,q_auto/league/hpscbhsmjocm8kmwfbuc"
985,43.5833333333333,16,RUSH,7,Em.Wilson,00-0038797,Emanuel Wilson,"https://static.www.nfl.com/image/upload/f_auto,q_auto/league/hpscbhsmjocm8kmwfbuc"
940,44.3333333333333,16,RUSH,4,Em.Wilson,00-0038797,Emanuel Wilson,"https://static.www.nfl.com/image/upload/f_auto,q_auto/league/hpscbhsmjocm8kmwfbuc"
900,45.0,16,RUSH,3,Em.Wilson,00-0038797,Emanuel Wilson,"https://static.www.nfl.com/image/upload/f_auto,q_auto/league/hpscbhsmjocm8kmwfbuc"
710,48.1666666666667,16,RUSH,-2,Em.Wilson,00-0038797,Emanuel Wilson,"https://static.www.nfl.com/image/upload/f_auto,q_auto/league/hpscbhsmjocm8kmwfbuc"
616,49.7333333333333,16,RUSH,3,C.Brooks,00-0038685,Chris Brooks,"https://static.www.nfl.com/image/upload/f_auto,q_auto/league/uuahiqarbpnfv8xlihlu"
530,51.1666666666667,16,RUSH,3,C.Brooks,00-0038685,Chris Brooks,"https://static.www.nfl.com/image/upload/f_auto,q_auto/league/uuahiqarbpnfv8xlihlu"
487,51.8833333333333,16,RUSH,3,C.Brooks,00-0038685,Chris Brooks,"https://static.www.nfl.com/image/upload/f_auto,q_auto/league/uuahiqarbpnfv8xlihlu"
344,54.2666666666667,16,RUSH,8,Em.Wilson,00-0038797,Emanuel Wilson,"https://static.www.nfl.com/image/upload/f_auto,q_auto/league/hpscbhsmjocm8kmwfbuc"
302,54.9666666666667,16,RUSH,0,M.Willis,00-0038128,Malik Willis,"https://static.www.nfl.com/image/upload/f_auto,q_auto/league/e6w0hpe2pzefydmhqmr7"
246,55.9,16,RUSH,4,Em.Wilson,00-0038797,Emanuel Wilson,"https://static.www.nfl.com/image/upload/f_auto,q_auto/league/hpscbhsmjocm8kmwfbuc"
209,56.5166666666667,16,RUSH,1,Em.Wilson,00-0038797,Emanuel Wilson,"https://static.www.nfl.com/image/upload/f_auto,q_auto/league/hpscbhsmjocm8kmwfbuc"
170,57.1666666666667,16,RUSH,1,Em.Wilson,00-0038797,Emanuel Wilson,"https://static.www.nfl.com/image/upload/f_auto,q_auto/league/hpscbhsmjocm8kmwfbuc"
71,58.8166666666667,16,RUSH,-1,M.Willis,00-0038128,Malik Willis,"https://static.www.nfl.com/image/upload/f_auto,q_auto/league/e6w0hpe2pzefydmhqmr7"
33,59.45,16,RUSH,-1,M.Willis,00-0038128,Malik Willis,"https://static.www.nfl.com/image/upload/f_auto,q_auto/league/e6w0hpe2pzefydmhqmr7"
3600,0.0,17,RUSH,2,J.Jacobs,00-0035700,Josh Jacobs,"https://static.www.nfl.com/image/upload/f_auto,q_auto/league/ksdusqxnwqtnph0htcfx"
3478,2.03333333333333,17,RUSH,6,J.Jacobs,00-0035700,Josh Jacobs,"https://static.www.nfl.com/image/upload/f_auto,q_auto/league/ksdusqxnwqtnph0htcfx"
3436,2.73333333333333,17,RUSH,7,J.Jacobs,00-0035700,Josh Jacobs,"https://static.www.nfl.com/image/upload/f_auto,q_auto/league/ksdusqxnwqtnph0htcfx"
3062,8.96666666666667,17,RUSH,6,J.Jacobs,00-0035700,Josh Jacobs,"https://static.www.nfl.com/image/upload/f_auto,q_auto/league/ksdusqxnwqtnph0htcfx"
3024,9.6,17,RUSH,1,J.Jacobs,00-0035700,Josh Jacobs,"https://static.www.nfl.com/image/upload/f_auto,q_auto/league/ksdusqxnwqtnph0htcfx"
2999,10.0166666666667,17,RUSH,7,J.Jacobs,00-0035700,Josh Jacobs,"https://static.www.nfl.com/image/upload/f_auto,q_auto/league/ksdusqxnwqtnph0htcfx"
2897,11.7166666666667,17,RUSH,2,J.Jacobs,00-0035700,Josh Jacobs,"https://static.www.nfl.com/image/upload/f_auto,q_auto/league/ksdusqxnwqtnph0htcfx"
2470,18.8333333333333,17,RUSH,3,J.Jacobs,00-0035700,Josh Jacobs,"https://static.www.nfl.com/image/upload/f_auto,q_auto/league/ksdusqxnwqtnph0htcfx"
2446,19.2333333333333,17,RUSH,13,J.Jacobs,00-0035700,Josh Jacobs,"https://static.www.nfl.com/image/upload/f_auto,q_auto/league/ksdusqxnwqtnph0htcfx"
2405,19.9166666666667,17,RUSH,5,J.Jacobs,00-0035700,Josh Jacobs,"https://static.www.nfl.com/image/upload/f_auto,q_auto/league/ksdusqxnwqtnph0htcfx"
2377,20.3833333333333,17,RUSH,6,J.Jacobs,00-0035700,Josh Jacobs,"https://static.www.nfl.com/image/upload/f_auto,q_auto/league/ksdusqxnwqtnph0htcfx"
2338,21.0333333333333,17,RUSH,0,J.Jacobs,00-0035700,Josh Jacobs,"https://static.www.nfl.com/image/upload/f_auto,q_auto/league/ksdusqxnwqtnph0htcfx"
1936,27.7333333333333,17,RUSH,3,J.Jacobs,00-0035700,Josh Jacobs,"https://static.www.nfl.com/image/upload/f_auto,q_auto/league/ksdusqxnwqtnph0htcfx"
1920,28.0,17,RUSH,6,J.Love,00-0036264,Jordan Love,"https://static.www.nfl.com/image/upload/f_auto,q_auto/league/a8xqle2vmsnumawdhswb"
1434,36.1,17,RUSH,1,J.Jacobs,00-0035700,Josh Jacobs,"https://static.www.nfl.com/image/upload/f_auto,q_auto/league/ksdusqxnwqtnph0htcfx"
1323,37.95,17,RUSH,3,J.Jacobs,00-0035700,Josh Jacobs,"https://static.www.nfl.com/image/upload/f_auto,q_auto/league/ksdusqxnwqtnph0htcfx"
1236,39.4,17,RUSH,2,J.Jacobs,00-0035700,Josh Jacobs,"https://static.www.nfl.com/image/upload/f_auto,q_auto/league/ksdusqxnwqtnph0htcfx"
1211,39.8166666666667,17,RUSH,2,J.Jacobs,00-0035700,Josh Jacobs,"https://static.www.nfl.com/image/upload/f_auto,q_auto/league/ksdusqxnwqtnph0htcfx"
951,44.15,17,RUSH,6,Em.Wilson,00-0038797,Emanuel Wilson,"https://static.www.nfl.com/image/upload/f_auto,q_auto/league/hpscbhsmjocm8kmwfbuc"
900,45.0,17,RUSH,2,Em.Wilson,00-0038797,Emanuel Wilson,"https://static.www.nfl.com/image/upload/f_auto,q_auto/league/hpscbhsmjocm8kmwfbuc"
450,52.5,17,RUSH,14,Em.Wilson,00-0038797,Emanuel Wilson,"https://static.www.nfl.com/image/upload/f_auto,q_auto/league/hpscbhsmjocm8kmwfbuc"
399,53.35,17,RUSH,4,Em.Wilson,00-0038797,Emanuel Wilson,"https://static.www.nfl.com/image/upload/f_auto,q_auto/league/hpscbhsmjocm8kmwfbuc"
375,53.75,17,RUSH,5,Em.Wilson,00-0038797,Emanuel Wilson,"https://static.www.nfl.com/image/upload/f_auto,q_auto/league/hpscbhsmjocm8kmwfbuc"
159,57.35,17,RUSH,-2,Em.Wilson,00-0038797,Emanuel Wilson,"https://static.www.nfl.com/image/upload/f_auto,q_auto/league/hpscbhsmjocm8kmwfbuc"
3560,0.666666666666664,18,RUSH,10,J.Jacobs,00-0035700,Josh Jacobs,"https://static.www.nfl.com/image/upload/f_auto,q_auto/league/ksdusqxnwqtnph0htcfx"
3518,1.36666666666667,18,RUSH,1,J.Jacobs,00-0035700,Josh Jacobs,"https://static.www.nfl.com/image/upload/f_auto,q_auto/league/ksdusqxnwqtnph0htcfx"
3279,5.35,18,RUSH,2,Em.Wilson,00-0038797,Emanuel Wilson,"https://static.www.nfl.com/image/upload/f_auto,q_auto/league/hpscbhsmjocm8kmwfbuc"
3202,6.63333333333333,18,RUSH,3,Em.Wilson,00-0038797,Emanuel Wilson,"https://static.www.nfl.com/image/upload/f_auto,q_auto/league/hpscbhsmjocm8kmwfbuc"
3159,7.35,18,RUSH,4,Em.Wilson,00-0038797,Emanuel Wilson,"https://static.www.nfl.com/image/upload/f_auto,q_auto/league/hpscbhsmjocm8kmwfbuc"
3031,9.48333333333333,18,RUSH,3,M.Willis,00-0038128,Malik Willis,"https://static.www.nfl.com/image/upload/f_auto,q_auto/league/e6w0hpe2pzefydmhqmr7"
2995,10.0833333333333,18,RUSH,6,J.Jacobs,00-0035700,Josh Jacobs,"https://static.www.nfl.com/image/upload/f_auto,q_auto/league/ksdusqxnwqtnph0htcfx"
2940,11.0,18,RUSH,1,B.Melton,00-0037091,Bo Melton,"https://static.www.nfl.com/image/upload/f_auto,q_auto/league/bhmhwurwugjmymgjforf"
2710,14.8333333333333,18,RUSH,4,J.Reed,00-0039146,Jayden Reed,"https://static.www.nfl.com/image/upload/f_auto,q_auto/league/blh2tfg9qjthqo2g6ot4"
2620,16.3333333333333,18,RUSH,12,J.Jacobs,00-0035700,Josh Jacobs,"https://static.www.nfl.com/image/upload/f_auto,q_auto/league/ksdusqxnwqtnph0htcfx"
2561,17.3166666666667,18,RUSH,6,J.Jacobs,00-0035700,Josh Jacobs,"https://static.www.nfl.com/image/upload/f_auto,q_auto/league/ksdusqxnwqtnph0htcfx"
2477,18.7166666666667,18,RUSH,9,J.Jacobs,00-0035700,Josh Jacobs,"https://static.www.nfl.com/image/upload/f_auto,q_auto/league/ksdusqxnwqtnph0htcfx"
2245,22.5833333333333,18,RUSH,4,Em.Wilson,00-0038797,Emanuel Wilson,"https://static.www.nfl.com/image/upload/f_auto,q_auto/league/hpscbhsmjocm8kmwfbuc"
2207,23.2166666666667,18,RUSH,7,Em.Wilson,00-0038797,Emanuel Wilson,"https://static.www.nfl.com/image/upload/f_auto,q_auto/league/hpscbhsmjocm8kmwfbuc"
2167,23.8833333333333,18,RUSH,2,Em.Wilson,00-0038797,Emanuel Wilson,"https://static.www.nfl.com/image/upload/f_auto,q_auto/league/hpscbhsmjocm8kmwfbuc"
2092,25.1333333333333,18,RUSH,5,C.Brooks,00-0038685,Chris Brooks,"https://static.www.nfl.com/image/upload/f_auto,q_auto/league/uuahiqarbpnfv8xlihlu"
2056,25.7333333333333,18,RUSH,13,C.Brooks,00-0038685,Chris Brooks,"https://static.www.nfl.com/image/upload/f_auto,q_auto/league/uuahiqarbpnfv8xlihlu"
2019,26.35,18,RUSH,0,C.Brooks,00-0038685,Chris Brooks,"https://static.www.nfl.com/image/upload/f_auto,q_auto/league/uuahiqarbpnfv8xlihlu"
1980,27.0,18,RUSH,1,J.Reed,00-0039146,Jayden Reed,"https://static.www.nfl.com/image/upload/f_auto,q_auto/league/blh2tfg9qjthqo2g6ot4"
1830,29.5,18,RUSH,4,C.Brooks,00-0038685,Chris Brooks,"https://static.www.nfl.com/image/upload/f_auto,q_auto/league/uuahiqarbpnfv8xlihlu"
1550,34.1666666666667,18,RUSH,3,Em.Wilson,00-0038797,Emanuel Wilson,"https://static.www.nfl.com/image/upload/f_auto,q_auto/league/hpscbhsmjocm8kmwfbuc"
1515,34.75,18,RUSH,10,Em.Wilson,00-0038797,Emanuel Wilson,"https://static.www.nfl.com/image/upload/f_auto,q_auto/league/hpscbhsmjocm8kmwfbuc"
1493,35.1166666666667,18,RUSH,3,Em.Wilson,00-0038797,Emanuel Wilson,"https://static.www.nfl.com/image/upload/f_auto,q_auto/league/hpscbhsmjocm8kmwfbuc"
1458,35.7,18,RUSH,8,Em.Wilson,00-0038797,Emanuel Wilson,"https://static.www.nfl.com/image/upload/f_auto,q_auto/league/hpscbhsmjocm8kmwfbuc"
1148,40.8666666666667,18,RUSH,8,C.Brooks,00-0038685,Chris Brooks,"https://static.www.nfl.com/image/upload/f_auto,q_auto/league/uuahiqarbpnfv8xlihlu"
1116,41.4,18,RUSH,3,C.Brooks,00-0038685,Chris Brooks,"https://static.www.nfl.com/image/upload/f_auto,q_auto/league/uuahiqarbpnfv8xlihlu"
1036,42.7333333333333,18,RUSH,23,C.Brooks,00-0038685,Chris Brooks,"https://static.www.nfl.com/image/upload/f_auto,q_auto/league/uuahiqarbpnfv8xlihlu"
925,44.5833333333333,18,RUSH,3,C.Brooks,00-0038685,Chris Brooks,"https://static.www.nfl.com/image/upload/f_auto,q_auto/league/uuahiqarbpnfv8xlihlu"
900,45.0,18,RUSH,-2,J.Reed,00-0039146,Jayden Reed,"https://static.www.nfl.com/image/upload/f_auto,q_auto/league/blh2tfg9qjthqo2g6ot4"
575,50.4166666666667,18,RUSH,6,Em.Wilson,00-0038797,Emanuel Wilson,"https://static.www.nfl.com/image/upload/f_auto,q_auto/league/hpscbhsmjocm8kmwfbuc"
275,55.4166666666667,18,RUSH,21,Em.Wilson,00-0038797,Emanuel Wilson,"https://static.www.nfl.com/image/upload/f_auto,q_auto/league/hpscbhsmjocm8kmwfbuc"
91,58.4833333333333,18,RUSH,2,Em.Wilson,00-0038797,Emanuel Wilson,"https://static.www.nfl.com/image/upload/f_auto,q_auto/league/hpscbhsmjocm8kmwfbuc"
65,58.9166666666667,18,RUSH,-2,Em.Wilson,00-0038797,Emanuel Wilson,"https://static.www.nfl.com/image/upload/f_auto,q_auto/league/hpscbhsmjocm8kmwfbuc"
3488,1.86666666666667,19,RUSH,2,J.Jacobs,00-0035700,Josh Jacobs,"https://static.www.nfl.com/image/upload/f_auto,q_auto/league/ksdusqxnwqtnph0htcfx"
3253,5.78333333333333,19,RUSH,2,J.Jacobs,00-0035700,Josh Jacobs,"https://static.www.nfl.com/image/upload/f_auto,q_auto/league/ksdusqxnwqtnph0htcfx"
3151,7.48333333333333,19,RUSH,4,J.Jacobs,00-0035700,Josh Jacobs,"https://static.www.nfl.com/image/upload/f_auto,q_auto/league/ksdusqxnwqtnph0htcfx"
3114,8.1,19,RUSH,3,J.Jacobs,00-0035700,Josh Jacobs,"https://static.www.nfl.com/image/upload/f_auto,q_auto/league/ksdusqxnwqtnph0htcfx"
2712,14.8,19,RUSH,3,J.Jacobs,00-0035700,Josh Jacobs,"https://static.www.nfl.com/image/upload/f_auto,q_auto/league/ksdusqxnwqtnph0htcfx"
2562,17.3,19,RUSH,3,J.Jacobs,00-0035700,Josh Jacobs,"https://static.www.nfl.com/image/upload/f_auto,q_auto/league/ksdusqxnwqtnph0htcfx"
2498,18.3666666666667,19,RUSH,5,J.Jacobs,00-0035700,Josh Jacobs,"https://static.www.nfl.com/image/upload/f_auto,q_auto/league/ksdusqxnwqtnph0htcfx"
2455,19.0833333333333,19,RUSH,4,J.Jacobs,00-0035700,Josh Jacobs,"https://static.www.nfl.com/image/upload/f_auto,q_auto/league/ksdusqxnwqtnph0htcfx"
2413,19.7833333333333,19,RUSH,8,T.Kraft,00-0038996,Tucker Kraft,"https://static.www.nfl.com/image/upload/f_auto,q_auto/league/klrmgekdzx1ywjjmixp7"
2328,21.2,19,RUSH,-6,J.Jacobs,00-0035700,Josh Jacobs,"https://static.www.nfl.com/image/upload/f_auto,q_auto/league/ksdusqxnwqtnph0htcfx"
2285,21.9166666666667,19,RUSH,11,J.Love,00-0036264,Jordan Love,"https://static.www.nfl.com/image/upload/f_auto,q_auto/league/a8xqle2vmsnumawdhswb"
2239,22.6833333333333,19,RUSH,2,T.Kraft,00-0038996,Tucker Kraft,"https://static.www.nfl.com/image/upload/f_auto,q_auto/league/klrmgekdzx1ywjjmixp7"
2191,23.4833333333333,19,RUSH,5,J.Jacobs,00-0035700,Josh Jacobs,"https://static.www.nfl.com/image/upload/f_auto,q_auto/league/ksdusqxnwqtnph0htcfx"
1814,29.7666666666667,19,RUSH,-1,J.Love,00-0036264,Jordan Love,"https://static.www.nfl.com/image/upload/f_auto,q_auto/league/a8xqle2vmsnumawdhswb"
1593,33.45,19,RUSH,7,J.Jacobs,00-0035700,Josh Jacobs,"https://static.www.nfl.com/image/upload/f_auto,q_auto/league/ksdusqxnwqtnph0htcfx"
1556,34.0666666666667,19,RUSH,1,J.Jacobs,00-0035700,Josh Jacobs,"https://static.www.nfl.com/image/upload/f_auto,q_auto/league/ksdusqxnwqtnph0htcfx"
1440,36.0,19,RUSH,2,Em.Wilson,00-0038797,Emanuel Wilson,"https://static.www.nfl.com/image/upload/f_auto,q_auto/league/hpscbhsmjocm8kmwfbuc"
1353,37.45,19,RUSH,7,J.Jacobs,00-0035700,Josh Jacobs,"https://static.www.nfl.com/image/upload/f_auto,q_auto/league/ksdusqxnwqtnph0htcfx"
1298,38.3666666666667,19,RUSH,1,J.Jacobs,00-0035700,Josh Jacobs,"https://static.www.nfl.com/image/upload/f_auto,q_auto/league/ksdusqxnwqtnph0htcfx"
1057,42.3833333333333,19,RUSH,5,J.Jacobs,00-0035700,Josh Jacobs,"https://static.www.nfl.com/image/upload/f_auto,q_auto/league/ksdusqxnwqtnph0htcfx"
997,43.3833333333333,19,RUSH,3,J.Jacobs,00-0035700,Josh Jacobs,"https://static.www.nfl.com/image/upload/f_auto,q_auto/league/ksdusqxnwqtnph0htcfx"
907,44.8833333333333,19,RUSH,31,J.Jacobs,00-0035700,Josh Jacobs,"https://static.www.nfl.com/image/upload/f_auto,q_auto/league/ksdusqxnwqtnph0htcfx"
900,45.0,19,RUSH,1,J.Jacobs,00-0035700,Josh Jacobs,"https://static.www.nfl.com/image/upload/f_auto,q_auto/league/ksdusqxnwqtnph0htcfx"
419,53.0166666666667,19,RUSH,4,Em.Wilson,00-0038797,Emanuel Wilson,"https://static.www.nfl.com/image/upload/f_auto,q_auto/league/hpscbhsmjocm8kmwfbuc"
344,54.2666666666667,19,RUSH,0,Em.Wilson,00-0038797,Emanuel Wilson,"https://static.www.nfl.com/image/upload/f_auto,q_auto/league/hpscbhsmjocm8kmwfbuc"
